--
-- PostgreSQL database dump
--

-- Dumped from database version 17.0
-- Dumped by pg_dump version 17.0

-- Started on 2024-11-04 17:08:57

SET statement_timeout = 0;
SET lock_timeout = 0;
SET idle_in_transaction_session_timeout = 0;
SET transaction_timeout = 0;
SET client_encoding = 'UTF8';
SET standard_conforming_strings = on;
SELECT pg_catalog.set_config('search_path', '', false);
SET check_function_bodies = false;
SET xmloption = content;
SET client_min_messages = warning;
SET row_security = off;

SET default_tablespace = '';

SET default_table_access_method = heap;

--
-- TOC entry 236 (class 1259 OID 16763)
-- Name: api_ejercicio; Type: TABLE; Schema: public; Owner: italia
--

CREATE TABLE public.api_ejercicio (
    id integer NOT NULL,
    dia date NOT NULL,
    enunciado text NOT NULL,
    resolucion text NOT NULL,
    respuesta_corta character varying(255) NOT NULL,
    imagen_enunciado character varying(100),
    imagen_resolucion character varying(100)
);


ALTER TABLE public.api_ejercicio OWNER TO italia;

--
-- TOC entry 235 (class 1259 OID 16762)
-- Name: api_ejercicio_id_ejercicio_seq; Type: SEQUENCE; Schema: public; Owner: italia
--

ALTER TABLE public.api_ejercicio ALTER COLUMN id ADD GENERATED BY DEFAULT AS IDENTITY (
    SEQUENCE NAME public.api_ejercicio_id_ejercicio_seq
    START WITH 1
    INCREMENT BY 1
    NO MINVALUE
    NO MAXVALUE
    CACHE 1
);


--
-- TOC entry 238 (class 1259 OID 16785)
-- Name: api_respuestausuario; Type: TABLE; Schema: public; Owner: italia
--

CREATE TABLE public.api_respuestausuario (
    id bigint NOT NULL,
    respuesta_usuario character varying(3500) NOT NULL,
    ejercicio_id integer NOT NULL,
    usuario_id integer NOT NULL,
    fecha_envio date NOT NULL
);


ALTER TABLE public.api_respuestausuario OWNER TO italia;

--
-- TOC entry 237 (class 1259 OID 16784)
-- Name: api_respuestausuario_id_seq; Type: SEQUENCE; Schema: public; Owner: italia
--

ALTER TABLE public.api_respuestausuario ALTER COLUMN id ADD GENERATED BY DEFAULT AS IDENTITY (
    SEQUENCE NAME public.api_respuestausuario_id_seq
    START WITH 1
    INCREMENT BY 1
    NO MINVALUE
    NO MAXVALUE
    CACHE 1
);


--
-- TOC entry 224 (class 1259 OID 16656)
-- Name: auth_group; Type: TABLE; Schema: public; Owner: italia
--

CREATE TABLE public.auth_group (
    id integer NOT NULL,
    name character varying(150) NOT NULL
);


ALTER TABLE public.auth_group OWNER TO italia;

--
-- TOC entry 223 (class 1259 OID 16655)
-- Name: auth_group_id_seq; Type: SEQUENCE; Schema: public; Owner: italia
--

ALTER TABLE public.auth_group ALTER COLUMN id ADD GENERATED BY DEFAULT AS IDENTITY (
    SEQUENCE NAME public.auth_group_id_seq
    START WITH 1
    INCREMENT BY 1
    NO MINVALUE
    NO MAXVALUE
    CACHE 1
);


--
-- TOC entry 226 (class 1259 OID 16664)
-- Name: auth_group_permissions; Type: TABLE; Schema: public; Owner: italia
--

CREATE TABLE public.auth_group_permissions (
    id bigint NOT NULL,
    group_id integer NOT NULL,
    permission_id integer NOT NULL
);


ALTER TABLE public.auth_group_permissions OWNER TO italia;

--
-- TOC entry 225 (class 1259 OID 16663)
-- Name: auth_group_permissions_id_seq; Type: SEQUENCE; Schema: public; Owner: italia
--

ALTER TABLE public.auth_group_permissions ALTER COLUMN id ADD GENERATED BY DEFAULT AS IDENTITY (
    SEQUENCE NAME public.auth_group_permissions_id_seq
    START WITH 1
    INCREMENT BY 1
    NO MINVALUE
    NO MAXVALUE
    CACHE 1
);


--
-- TOC entry 222 (class 1259 OID 16650)
-- Name: auth_permission; Type: TABLE; Schema: public; Owner: italia
--

CREATE TABLE public.auth_permission (
    id integer NOT NULL,
    name character varying(255) NOT NULL,
    content_type_id integer NOT NULL,
    codename character varying(100) NOT NULL
);


ALTER TABLE public.auth_permission OWNER TO italia;

--
-- TOC entry 221 (class 1259 OID 16649)
-- Name: auth_permission_id_seq; Type: SEQUENCE; Schema: public; Owner: italia
--

ALTER TABLE public.auth_permission ALTER COLUMN id ADD GENERATED BY DEFAULT AS IDENTITY (
    SEQUENCE NAME public.auth_permission_id_seq
    START WITH 1
    INCREMENT BY 1
    NO MINVALUE
    NO MAXVALUE
    CACHE 1
);


--
-- TOC entry 228 (class 1259 OID 16670)
-- Name: auth_user; Type: TABLE; Schema: public; Owner: italia
--

CREATE TABLE public.auth_user (
    id integer NOT NULL,
    password character varying(128) NOT NULL,
    last_login timestamp with time zone,
    is_superuser boolean NOT NULL,
    username character varying(150) NOT NULL,
    first_name character varying(150) NOT NULL,
    last_name character varying(150) NOT NULL,
    email character varying(254) NOT NULL,
    is_staff boolean NOT NULL,
    is_active boolean NOT NULL,
    date_joined timestamp with time zone NOT NULL
);


ALTER TABLE public.auth_user OWNER TO italia;

--
-- TOC entry 230 (class 1259 OID 16678)
-- Name: auth_user_groups; Type: TABLE; Schema: public; Owner: italia
--

CREATE TABLE public.auth_user_groups (
    id bigint NOT NULL,
    user_id integer NOT NULL,
    group_id integer NOT NULL
);


ALTER TABLE public.auth_user_groups OWNER TO italia;

--
-- TOC entry 229 (class 1259 OID 16677)
-- Name: auth_user_groups_id_seq; Type: SEQUENCE; Schema: public; Owner: italia
--

ALTER TABLE public.auth_user_groups ALTER COLUMN id ADD GENERATED BY DEFAULT AS IDENTITY (
    SEQUENCE NAME public.auth_user_groups_id_seq
    START WITH 1
    INCREMENT BY 1
    NO MINVALUE
    NO MAXVALUE
    CACHE 1
);


--
-- TOC entry 227 (class 1259 OID 16669)
-- Name: auth_user_id_seq; Type: SEQUENCE; Schema: public; Owner: italia
--

ALTER TABLE public.auth_user ALTER COLUMN id ADD GENERATED BY DEFAULT AS IDENTITY (
    SEQUENCE NAME public.auth_user_id_seq
    START WITH 1
    INCREMENT BY 1
    NO MINVALUE
    NO MAXVALUE
    CACHE 1
);


--
-- TOC entry 232 (class 1259 OID 16684)
-- Name: auth_user_user_permissions; Type: TABLE; Schema: public; Owner: italia
--

CREATE TABLE public.auth_user_user_permissions (
    id bigint NOT NULL,
    user_id integer NOT NULL,
    permission_id integer NOT NULL
);


ALTER TABLE public.auth_user_user_permissions OWNER TO italia;

--
-- TOC entry 231 (class 1259 OID 16683)
-- Name: auth_user_user_permissions_id_seq; Type: SEQUENCE; Schema: public; Owner: italia
--

ALTER TABLE public.auth_user_user_permissions ALTER COLUMN id ADD GENERATED BY DEFAULT AS IDENTITY (
    SEQUENCE NAME public.auth_user_user_permissions_id_seq
    START WITH 1
    INCREMENT BY 1
    NO MINVALUE
    NO MAXVALUE
    CACHE 1
);


--
-- TOC entry 239 (class 1259 OID 16824)
-- Name: authtoken_token; Type: TABLE; Schema: public; Owner: italia
--

CREATE TABLE public.authtoken_token (
    key character varying(40) NOT NULL,
    created timestamp with time zone NOT NULL,
    user_id integer NOT NULL
);


ALTER TABLE public.authtoken_token OWNER TO italia;

--
-- TOC entry 234 (class 1259 OID 16742)
-- Name: django_admin_log; Type: TABLE; Schema: public; Owner: italia
--

CREATE TABLE public.django_admin_log (
    id integer NOT NULL,
    action_time timestamp with time zone NOT NULL,
    object_id text,
    object_repr character varying(200) NOT NULL,
    action_flag smallint NOT NULL,
    change_message text NOT NULL,
    content_type_id integer,
    user_id integer NOT NULL,
    CONSTRAINT django_admin_log_action_flag_check CHECK ((action_flag >= 0))
);


ALTER TABLE public.django_admin_log OWNER TO italia;

--
-- TOC entry 233 (class 1259 OID 16741)
-- Name: django_admin_log_id_seq; Type: SEQUENCE; Schema: public; Owner: italia
--

ALTER TABLE public.django_admin_log ALTER COLUMN id ADD GENERATED BY DEFAULT AS IDENTITY (
    SEQUENCE NAME public.django_admin_log_id_seq
    START WITH 1
    INCREMENT BY 1
    NO MINVALUE
    NO MAXVALUE
    CACHE 1
);


--
-- TOC entry 220 (class 1259 OID 16642)
-- Name: django_content_type; Type: TABLE; Schema: public; Owner: italia
--

CREATE TABLE public.django_content_type (
    id integer NOT NULL,
    app_label character varying(100) NOT NULL,
    model character varying(100) NOT NULL
);


ALTER TABLE public.django_content_type OWNER TO italia;

--
-- TOC entry 219 (class 1259 OID 16641)
-- Name: django_content_type_id_seq; Type: SEQUENCE; Schema: public; Owner: italia
--

ALTER TABLE public.django_content_type ALTER COLUMN id ADD GENERATED BY DEFAULT AS IDENTITY (
    SEQUENCE NAME public.django_content_type_id_seq
    START WITH 1
    INCREMENT BY 1
    NO MINVALUE
    NO MAXVALUE
    CACHE 1
);


--
-- TOC entry 218 (class 1259 OID 16634)
-- Name: django_migrations; Type: TABLE; Schema: public; Owner: italia
--

CREATE TABLE public.django_migrations (
    id bigint NOT NULL,
    app character varying(255) NOT NULL,
    name character varying(255) NOT NULL,
    applied timestamp with time zone NOT NULL
);


ALTER TABLE public.django_migrations OWNER TO italia;

--
-- TOC entry 217 (class 1259 OID 16633)
-- Name: django_migrations_id_seq; Type: SEQUENCE; Schema: public; Owner: italia
--

ALTER TABLE public.django_migrations ALTER COLUMN id ADD GENERATED BY DEFAULT AS IDENTITY (
    SEQUENCE NAME public.django_migrations_id_seq
    START WITH 1
    INCREMENT BY 1
    NO MINVALUE
    NO MAXVALUE
    CACHE 1
);


--
-- TOC entry 240 (class 1259 OID 16837)
-- Name: django_session; Type: TABLE; Schema: public; Owner: italia
--

CREATE TABLE public.django_session (
    session_key character varying(40) NOT NULL,
    session_data text NOT NULL,
    expire_date timestamp with time zone NOT NULL
);


ALTER TABLE public.django_session OWNER TO italia;

--
-- TOC entry 4988 (class 0 OID 16763)
-- Dependencies: 236
-- Data for Name: api_ejercicio; Type: TABLE DATA; Schema: public; Owner: italia
--

COPY public.api_ejercicio (id, dia, enunciado, resolucion, respuesta_corta, imagen_enunciado, imagen_resolucion) FROM stdin;
2	2024-10-14	Ejercicio 2. Calcula la concentración de una disolución que se obtiene a partir de mezclar 1.0 L de HCl 0.010 mol·L⁻¹ con 250.0 mL de HCl 0.100 mol·L⁻¹. Considera volúmenes aditivos.	Utilizando la ecuación:\r\n\\[\r\nM = \\frac{n}{V}\r\n\\]\r\n\r\nPara 1 L de HCl a 0.010 mol·L⁻¹:\r\n\\[\r\nn = V \\times M = 1 \\, \\text{L} \\times 0.010 \\, \\frac{\\text{mol HCl}}{\\text{L}} = 0.010 \\, \\text{mol HCl}\r\n\\]\r\n\r\nPara 250 mL de HCl a 0.100 mol·L⁻¹:\r\n\\[\r\nn = V \\times M = 0.25 \\, \\text{L} \\times 0.100 \\, \\frac{\\text{mol}}{\\text{L}} = 0.025 \\, \\text{mol HCl}\r\n\\]\r\n\r\nSumando la cantidad de sustancia de HCl:\r\n\\[\r\n0.010 \\, \\text{mol HCl} + 0.025 \\, \\text{mol HCl} = 0.035 \\, \\text{mol HCl}\r\n\\]\r\n\r\nSumando los volúmenes:\r\n\\[\r\n1 \\, \\text{L disolución} + 0.250 \\, \\text{L disolución} = 1.25 \\, \\text{L}\r\n\\]\r\n\r\nPor lo tanto, la concentración es:\r\n\\[\r\nM = \\frac{n}{V}\r\n\\]\r\n\\[\r\nM = \\frac{0.035 \\, \\text{mol HCl}}{1.25 \\, \\text{L}} = 0.028 \\, \\frac{\\text{mol}}{\\text{L}} \\, \\text{HCl}\r\n\\]	0.0028 mol·L⁻¹	\N	\N
1	2024-10-08	Ejercicio 1. El carbono-13 (¹³C) es un isótopo estable natural del carbono y uno de los isótopos ambientales más importantes ya que forma parte en una proporción del 1.10 % de todo el carbono natural de la Tierra. Calcula la masa de ¹³C que contiene una tonelada de metano CH₄. Masa molar: C = 12.0 g·mol⁻¹, CH₄ = 16.0 g·mol⁻¹.	\\[\r\n1.0 \\, \\text{t CH}_4 \\times \\frac{10^6 \\, \\text{g CH}_4}{1.0 \\, \\text{t CH}_4} \\times \\frac{1 \\, \\text{mol CH}_4}{16.0 \\, \\text{g CH}_4} \\times \\frac{1 \\, \\text{mol C}}{1 \\, \\text{mol CH}_4} \\times \\frac{12.0 \\, \\text{g C}}{1 \\, \\text{mol C}} \\times \\frac{1.10 \\, \\text{g } ^{13}\\text{C}}{100 \\, \\text{g C}} = 8.25 \\times 10^3 \\, \\text{g } ^{13}\\text{C}\r\n\\]	8.25 × 10³ g ¹³C		
20	2024-09-02	Ejercicio 19. La temperatura de ebullición normal del disulfuro de carbono, CS₂, es 319 K. Sabiendo que el calor de vaporización de este compuesto es 26.8 kJ·mol⁻¹, calcula la presión de vapor a 298 K y 1 atm.	La ecuación de Clausius-Clapeyron relaciona la presión de vapor de un líquido con la temperatura:\r\n\r\n\\[\r\n\\ln \\left(\\frac{P_2}{P_1}\\right) = \\frac{\\Delta H_{vap}}{R} \\left(\\frac{1}{T_1} - \\frac{1}{T_2}\\right)\r\n\\]\r\n\r\n(1 atm = 101.3 kPa)\r\n\r\nLa temperatura de ebullición normal a la que un líquido hierve implica que la presión exterior a la que debe igualarse su presión de vapor es 1 atm, con lo que la ecuación anterior se simplifica, ya que \\(\\ln P_1 = \\ln(1) = 0\\):\r\n\r\n\\[\r\n\\ln P_2 = \\frac{\\Delta H_{vap}}{R} \\left(\\frac{1}{T_2} - \\frac{1}{T_1}\\right)\r\n\\]\r\n\r\nEl valor de presión de vapor es:\r\n\r\n\\[\r\n\\ln P_2 = \\frac{26.8 \\, \\text{kJ} \\cdot \\text{mol}^{-1}}{8.31 \\times 10^{-3} \\, \\text{kJ} \\cdot \\text{mol}^{-1} \\cdot \\text{K}^{-1}} \\left(\\frac{1}{319 \\, \\text{K}} - \\frac{1}{298 \\, \\text{K}}\\right) = -0.71\r\n\\]\r\n\r\n\\[\r\nP_2 = e^{-0.71} = 0.49 \\, \\text{atm}\r\n\\]	0.49 atm		
3	2024-10-15	Ejercicio 3. Un estudiante de Química observó en el laboratorio que 0.2790 g de limadura de hierro, Fe, metálico se disolvían en 500 mL de HCl 0.05 mol·L⁻¹. Calcula el pH de la disolución obtenida. Masa molar: Fe = 55.8 g·mol⁻¹.	Cálculo para determinar la cantidad de sustancia a partir de la masa de Fe:\r\n\r\n\\[\r\n0.2790 \\, \\text{g Fe} \\times \\frac{1 \\, \\text{mol Fe}}{55.8 \\, \\text{g Fe}} = 5 \\times 10^{-3} \\, \\text{mol Fe}\r\n\\]\r\n\r\nCálculo para determinar la cantidad de sustancia de HCl a partir de la concentración y del volumen:\r\n\r\n\\[\r\nM = \\frac{n}{V} \\quad \\therefore \\quad n = M \\cdot V = 0.05 \\, \\frac{\\text{mol}}{\\text{L}} \\cdot 0.5 \\, \\text{L} = 0.025 \\, \\text{mol HCl}\r\n\\]\r\n\r\nLa ecuación balanceada es:\r\n\r\n\\[\r\n\\text{Fe}_{\\text{(s)}} + 2\\text{HCl}_{\\text{(ac)}} \\rightarrow \\text{FeCl}_{2\\text{(ac)}} + \\text{H}_{2\\text{(g)}}\r\n\\]\r\n\r\nSe propone el siguiente cuadro de avance de reacción:\r\n\r\n\\[\r\n\\begin{array}{c c c c c c c c}\r\n\\text{mol} & \\text{Fe}_{\\text{(s)}} & + & 2\\text{HCl}_{\\text{(ac)}} & \\rightarrow & \\text{FeCl}_{2\\text{(ac)}} & + & \\text{H}_{2\\text{(g)}} \\\\\r\n\\hline\r\n\\text{Inicio} & 0.005 & & 0.025 & & & & \\\\\r\n\\text{Reacciona} & -x & & -2x & & & & \\\\\r\n\\text{Se forma} & & & & & x & & x \\\\\r\n\\text{Final} & 0 & & 0.015 & & 0.005 & & 0.005 \\\\\r\n\\end{array}\r\n\\]\r\n\r\nPara conocer el reactivo limitante se debe despejar el valor de x igualando a cero ambas ecuaciones:\r\n\r\nPara Fe: \\( 0.005 - x = 0 \\quad \\therefore \\quad x = 0.005 \\, \\text{mol Fe} \\)\r\n\r\nPara HCl: \\( 0.025 - 2x = 0 \\quad \\therefore \\quad x = 0.0125 \\, \\text{mol HCl} \\)\r\n\r\nPor lo tanto, el reactivo limitante es hierro, Fe, y el cuadro de avance de reacción se completa con:\r\n\r\n\\( x = 0.005 \\, \\text{mol} \\)\r\n\r\nPara calcular la cantidad de sustancia que queda sin reaccionar de HCl:\r\n\r\n\\[\r\n0.025 - 2x = 0.025 - 2(0.005) = 0.015 \\, \\text{mol HCl}\r\n\\]\r\n\r\nComo el HCl es un ácido fuerte, está totalmente disociado en sus iones de acuerdo con la siguiente ecuación:\r\n\r\n\\[\r\n\\text{HCl}_{\\text{(ac)}} \\rightarrow \\text{Cl}^-_{\\text{(ac)}} + \\text{H}^+_{\\text{(ac)}} \\quad \\therefore \\quad [\\text{H}^+] = \\frac{0.015 \\, \\text{mol}}{0.5 \\, \\text{L}} = 0.03 \\, \\frac{\\text{mol}}{\\text{L}}\r\n\\]\r\n\r\nEl pH de la disolución resultante es:\r\n\r\n\\[\r\n\\text{pH} = -\\log(0.03) = 1.5\r\n\\]	pH = 1.5		
5	2024-10-18	Ejercicio prueba. Hola buen día :)	adiosin kebincin	holis crayolis	enunciados/ejercicio_prueba_H20HDUk.jpg	
6	2024-10-17	Ejercicio 5. En los años 80 se utilizaba comúnmente el bromuro de plata para la revelación de fotos en papel fotográfico, ya que este es un compuesto muy sensible a la luz. Si el producto de solubilidad del AgBr es 5.0 × 10⁻¹³ a 25 °C. ¿Cuál es su solubilidad molar en agua a esa temperatura?	El equilibrio entre \\(\\text{AgBr}\\) y sus iones es:\r\n\r\n\\[\r\n\\text{AgBr}_{(s)} \\rightleftharpoons \\text{Ag}^+_{(ac)} + \\text{Br}^-_{(ac)}\r\n\\]\r\n\r\nLa expresión de la constante del producto de solubilidad es:\r\n\r\n\\[\r\nK_{ps} = [\\text{Ag}^+][\\text{Br}^-] = (s)(s) = s^2 = 5.0 \\times 10^{-13}\r\n\\]\r\n\r\nPor lo que la solubilidad molar es:\r\n\r\n\\[\r\ns = \\sqrt{5.0 \\times 10^{-13}} = 7.1 \\times 10^{-7} \\, \\text{mol/L}\r\n\\]	7.1 × 10⁻⁷ mol·L⁻¹		
7	2024-10-21	Ejercicio 6. Encuentra la suma de los coeficientes estequiométricos de la ecuación balanceada de la siguiente reacción redox que ocurre en medio ácido:  \r\nMnO₄⁻(ac) + C₂O₄²⁻(ac) → Mn²⁺(ac) + CO₂(g)	Las ecuaciones de las semirreacciones que se llevan a cabo son:\r\n\r\n\\[\r\n\\text{Reducción:} \\quad 2(\\text{MnO}_4^-_{(ac)} + 8\\text{H}^+_{(ac)} + 5\\text{e}^-) \\rightleftharpoons \\text{Mn}^{2+}_{(ac)} + 4\\text{H}_2\\text{O}_{(l)}\r\n\\]\r\n\r\n\\[\r\n\\text{Oxidación:} \\quad 5(\\text{C}_2\\text{O}_4^{2-}_{(ac)}) \\rightleftharpoons 2\\text{CO}_2_{(g)} + 2\\text{e}^-\r\n\\]\r\n\r\n\\[\r\n\\text{Global:} \\quad 2\\text{MnO}_4^-_{(ac)} + 5\\text{C}_2\\text{O}_4^{2-}_{(ac)} + 16\\text{H}^+_{(ac)} \\rightarrow 2\\text{Mn}^{2+}_{(ac)} + 10\\text{CO}_2_{(g)} + 8\\text{H}_2\\text{O}_{(l)}\r\n\\]\r\n\r\nSuma de los coeficientes estequiométricos es igual a 43.	43		
8	2024-10-22	Ejercicio 7. A los estudiantes del Laboratorio de Tecnología de Alimentos de la Facultad de Química de la UNAM les regalaron una bebida de 1 L que contiene 17.8 % en masa de extracto de mango y 0.28 % de acidez (referida a la masa de ácido cítrico por cada 100 g de bebida o materia prima). Los estudiantes deben preparar 1.0 L de bebida con las condiciones escritas en la etiqueta y parten de pulpa de mango con 0.25 % de acidez. Haciendo un balance de materia, calcula la masa de ácido cítrico necesaria para la elaboración de la bebida. Nota: La densidad de estas bebidas es de 1 g·mL⁻¹.	Cálculo para determinar la masa de pulpa de mango que hay en la bebida:  \r\n\\[\r\n\\frac{17.8 \\, \\text{g pulpa de mango}}{100 \\, \\text{g bebida}} = 0.178 \\, \\text{g pulpa de mango/g bebida}\r\n\\]\r\n\r\nCálculo para determinar la cantidad de pulpa de mango necesario para 1000 g de bebida = 1 L de bebida:  \r\n\\[\r\n0.178 \\times 1000 = 178 \\, \\text{g pulpa de mango}\r\n\\]\r\n\r\nPara el balance de ácido cítrico:  \r\n\\[\r\n\\frac{178 \\, \\text{g pulpa de mango} \\times 0.25 \\, \\text{g ác. cítrico}}{100 \\, \\text{g pulpa de mango}} + x \\, \\text{g ác. cítrico} = \\frac{1000 \\, \\text{g de bebida} \\times 0.28 \\, \\text{g ác. cítrico}}{100 \\, \\text{g bebida}}\r\n\\]\r\n\r\n\\[\r\n0.445 \\, \\text{g ác. cítrico (pulpa de mango)} + x \\, \\text{g ác. cítrico} = 2.800 \\, \\text{g ác. cítrico (bebida)}\r\n\\]\r\n\r\n\\[\r\nx \\, \\text{g ác. cítrico} = 2.800 \\, \\text{g ác. cítrico} - 0.445 \\, \\text{g ác. cítrico}\r\n\\]\r\n\r\n\\[\r\nx \\, \\text{g ác. cítrico} = 2.355 \\, \\text{g ác. cítrico}\r\n\\]\r\n\r\nPor lo tanto, se requieren 2.355 g de ácido cítrico para formular la bebida.	2.355 g ácido cítrico		
9	2024-10-23	Ejercicio 8. El potencial de reducción de un electrodo normal de hidrógeno cuando está introducido en una disolución amortiguadora es −0.413 V. Calcula el pH de esta disolución.	La ecuación correspondiente a la reacción del electrodo es:\r\n\r\n\\[\r\n2\\text{H}^+_{(ac)} + 2\\text{e}^- \\rightleftharpoons \\text{H}_2_{(g)}\r\n\\]\r\n\r\nSe sabe que las condiciones en las que se encuentra la reacción son 25 °C y 1 atm.\r\n\r\nPara calcular el potencial del electrodo es necesario aplicar la ecuación de Nernst:\r\n\r\n\\[\r\nE = E^\\circ - \\frac{0.0592}{n} \\log Q = E^\\circ - 0.0592 \\log \\left(\\frac{P_{\\text{H}_2}}{[\\text{H}^+]^2}\\right)\r\n\\]\r\n\r\nTeniendo en cuenta que \\( E^\\circ = 0 \\) y que \\( P_{\\text{H}_2} = 1 \\, \\text{atm} \\), la ecuación anterior queda como:\r\n\r\n\\[\r\nE = -0.0592 \\, \\text{pH}\r\n\\]\r\n\r\nSustituyendo, se obtiene que el pH de la disolución amortiguadora es:\r\n\r\n\\[\r\n\\text{pH} = \\frac{-0.413}{-0.0592} = 6.98 \\approx 7.0\r\n\\]	pH = 7.0		
14	2024-10-03	Ejercicio 13. Calcula el pH que se obtiene al disolver 2.3 g de HNO₃ en 150 mL de agua desionizada.	Cálculo para determinar la cantidad de sustancia de \\(\\text{HNO}_3\\) a partir de su masa:\r\n\r\n\\[\r\n2.3 \\, \\text{g HNO}_3 \\times \\frac{1 \\, \\text{mol HNO}_3}{63 \\, \\text{g HNO}_3} = 0.036 \\, \\text{mol HNO}_3\r\n\\]\r\n\r\nEl ácido nítrico, \\(\\text{HNO}_3\\), es un ácido fuerte que se encuentra totalmente disociado en sus iones de acuerdo con la siguiente ecuación:\r\n\r\n\\[\r\n\\text{HNO}_3_{(ac)} \\rightarrow \\text{NO}_3^-_{(ac)} + \\text{H}^+_{(ac)}\r\n\\]\r\n\r\nPor lo que:\r\n\r\n\\[\r\n[\\text{H}^+] = \\frac{0.036 \\, \\text{mol}}{0.15 \\, \\text{L}} = 0.24 \\, \\text{mol/L}\r\n\\]\r\n\r\nEl pH de la disolución es:\r\n\r\n\\[\r\n\\text{pH} = -\\log(0.24) = 0.62\r\n\\]	pH = 0.62		
12	2024-10-01	Ejercicio 11. El hidrógeno molecular, H₂, se puede obtener por reacción de un metal con HCl. Para ello se tratan 327 g de Zn al 90.0 % de pureza con una disolución de HCl al 40.0 % de pureza y una densidad de 1.198 g·mL⁻¹. Para estar seguros de que se disuelva el Zn, el ácido (HCl) se utiliza en un 25 % en exceso sobre el teóricamente necesario. Calcula el volumen total de disolución de HCl que se utiliza para disolver todo el zinc. Masa molar: Zn = 65.4 g·mol⁻¹, HCl = 36.5 g·mol⁻¹	Primero se debe calcular la cantidad de sustancia de Zn en la muestra:\r\n\r\n\\[\r\n327 \\, \\text{g muestra} \\times \\frac{90.0 \\, \\text{g Zn}}{100 \\, \\text{g muestra}} \\times \\frac{1 \\, \\text{mol Zn}}{65.4 \\, \\text{g Zn}} = 4.5 \\, \\text{mol Zn}\r\n\\]\r\n\r\nLa ecuación balanceada es:\r\n\r\n\\[\r\n2\\text{HCl}_{\\text{(ac)}} + \\text{Zn}_{\\text{(s)}} \\rightarrow \\text{ZnCl}_{2\\text{(ac)}} + \\text{H}_{2\\text{(g)}}\r\n\\]\r\n\r\n\r\n\r\nSe propone el siguiente cuadro de avance de reacción:\r\n\r\n\\[\r\n\\begin{array}{c c c c c c c c}\r\n\\text{mol} & 2\\text{HCl}_{\\text{(ac)}} & + & \\text{Zn}_{\\text{(s)}} & \\rightarrow & \\text{ZnCl}_{2\\text{(ac)}} & + & \\text{H}_{2\\text{(g)}} \\\\\r\n\\hline\r\n\\text{Inicio} & 2(4.5) = 9 & & 4.5 & & & & \\\\\r\n\\text{Reacciona} & -2x & & -x & & & & \\\\\r\n\\text{Se forma} & & & & & x & & x \\\\\r\n\\text{Final} & 0 & & 0 & & 4.5 & & 4.5 \\\\\r\n\\end{array}\r\n\\]\r\n\r\nCon los datos obtenidos en el cuadro de avance de reacción, podemos observar que se requieren 9 mol de HCl:\r\n\r\n\\[\r\n9 \\, \\text{mol HCl} \\times \\frac{36.5 \\, \\text{g HCl}}{1 \\, \\text{mol HCl}} \\times \\frac{100 \\, \\text{g dis}}{40 \\, \\text{g HCl}} \\times \\frac{1 \\, \\text{mL dis}}{1.198 \\, \\text{g dis}} = 686 \\, \\text{mL dis HCl}\r\n\\]\r\n\r\nTeniendo en cuenta que se utiliza un exceso del 25% (exceso):\r\n\r\n\\[\r\n686 \\, \\text{mL dis teórica} \\times \\frac{25 \\, \\text{mL dis exceso}}{100 \\, \\text{mL dis teórica}} = 171 \\, \\text{mL dis exceso}\r\n\\]\r\n\r\nEl volumen total de HCl añadido es:\r\n\r\n\\[\r\n686 \\, \\text{mL dis} + 171 \\, \\text{mL dis} = 857 \\, \\text{mL disolución de HCl}\r\n\\]	857 mL disolución de HCl		
4	2024-10-16	Ejercicio 4. La descomposición térmica de NaHCO₃ sólido produce Na₂CO₃ sólido, CO₂ gaseoso y vapor de agua, H₂O. El bicarbonato de sodio se utiliza en la fabricación del pan, pues su descomposición permite que el dióxido de carbono “suba” la masa del pan al hornearlo. Calcula el calor de reacción en condiciones estándar (273.15 K y 1 atm).\r\n\r\nDatos termodinámicos:\r\n\r\n\\begin{table}[h]\r\n    \\centering\r\n    \\begin{tabular}{lcc}\r\n        \\hline\r\n        \\textbf{Compuesto} & \\(\\Delta H_f^\\circ \\, (\\text{kJ} \\cdot \\text{mol}^{-1})\\) & \\(S^\\circ \\, (\\text{J} \\cdot \\text{mol}^{-1} \\cdot \\text{K}^{-1})\\) \\\\\r\n        \\hline\r\n        Bicarbonato de sodio sólido & -947.7 & 102.1 \\\\\r\n        Carbonato de sodio sólido & -1131.0 & 136.0 \\\\\r\n        Dióxido de carbono gaseoso & -393.5 & 213.6 \\\\\r\n        Agua gaseosa & -241.8 & 188.7 \\\\\r\n        \\hline\r\n    \\end{tabular}\r\n    \\caption{Valores de \\(\\Delta H_f^\\circ\\) y \\(S^\\circ\\) para diferentes compuestos.}\r\n\\end{table}	La ecuación química balanceada correspondiente a la reacción propuesta es: \r\n\\[\r\n2\\text{NaHCO}_3\\text{(s)} \\rightarrow \\text{Na}_2\\text{CO}_3\\text{(s)} + \\text{CO}_2\\text{(g)} + \\text{H}_2\\text{O(g)}\r\n\\]\r\n\r\nLa variación de entalpía de la reacción se calcula a partir de las entalpías de formación de productos y reactivos: \r\n\\[\r\n\\Delta H^\\circ = \\Sigma \\Delta H_f^\\circ \\text{(productos)} - \\Sigma \\Delta H_f^\\circ \\text{(reactivos)}\r\n\\]\r\n\r\nPara la ecuación propuesta:\r\n\\[\r\n\\Delta H^\\circ = [\\Delta H_f^\\circ (\\text{H}_2\\text{O}) + \\Delta H_f^\\circ (\\text{CO}_2) + \\Delta H_f^\\circ (\\text{Na}_2\\text{CO}_3)] - 2 \\Delta H_f^\\circ (\\text{NaHCO}_3)\r\n\\]\r\n\r\n\\[\r\n\\Delta H^\\circ = 1 \\, \\text{mol H}_2\\text{O}(-241.8 \\, \\text{kJ/mol H}_2\\text{O}) + 1 \\, \\text{mol CO}_2(-393.5 \\, \\text{kJ/mol CO}_2) + 1 \\, \\text{mol Na}_2\\text{CO}_3(-1131.0 \\, \\text{kJ/mol Na}_2\\text{CO}_3) - 2 \\, \\text{mol NaHCO}_3(-947.7 \\, \\text{kJ/mol NaHCO}_3) = 129.1 \\, \\text{kJ} \\, \\text{por} \\, 2 \\, \\text{mol NaHCO}_3\r\n\\]\r\n\r\nLa espontaneidad de un proceso la determina el valor de la energía libre de Gibbs, que se calcula mediante la siguiente expresión:\r\n\r\n\\[\r\n\\Delta G^\\circ > 0 \\quad \\text{proceso no espontáneo}\r\n\\]\r\n\\[\r\n\\Delta G^\\circ < 0 \\quad \\text{proceso espontáneo}\r\n\\]\r\n\r\nLa variación de entropía de la reacción puede calcularse a partir de las entropías de formación de productos y reactivos: \r\n\\[\r\n\\Delta S^\\circ = \\Sigma S^\\circ\\text{(productos)} - \\Sigma S^\\circ\\text{(reactivos)}\r\n\\]\r\n\\[\r\n\\Delta S^\\circ = [S^\\circ(\\text{H}_2\\text{O}) + S^\\circ(\\text{CO}_2) + S^\\circ(\\text{Na}_2\\text{CO}_3)] - 2S^\\circ(\\text{NaHCO}_3)\r\n\\]\r\n\r\n\\[\r\nS^\\circ = 1 \\, \\text{mol H}_2\\text{O}(188.7 \\, \\text{J/mol H}_2\\text{O}\\cdot \\text{K}) + 1 \\, \\text{mol CO}_2(213.6 \\, \\text{J/mol CO}_2\\cdot \\text{K}) + 1 \\, \\text{mol Na}_2\\text{CO}_3(136.0 \\, \\text{J/mol Na}_2\\text{CO}_3\\cdot \\text{K}) - 2 \\, \\text{mol NaHCO}_3(102.1 \\, \\text{J/mol NaHCO}_3\\cdot \\text{K}) = 334.1 \\, \\text{J/K}\r\n\\]\r\n\r\n\\[\r\n334.1 \\, \\text{J/K} \\times \\frac{1 \\, \\text{kJ}}{1000 \\, \\text{J}} = 0.3341 \\, \\text{kJ/K por 2 mol NaHCO}_3\r\n\\]\r\n\r\nEl valor de la energía libre de Gibbs es:\r\n\\[\r\n\\Delta G^\\circ = \\Delta H^\\circ - T \\Delta S^\\circ = \\frac{129.1 \\, \\text{kJ}}{2 \\, \\text{mol}} - 273.15 \\, \\text{K} \\times \\frac{0.3341 \\, \\text{kJ}}{2 \\, \\text{mol}\\cdot \\text{K}} = 18.92 \\, \\text{kJ/mol}\r\n\\]	El calor de reacción es igual a 38.58 kJ·mol⁻¹		
11	2024-10-25	Ejercicio 10. Para el tratamiento de aguas residuales se utiliza Fe(OH)₃. Determina la relación que existe entre la solubilidad en agua y el producto de solubilidad molar, Kps, para este compuesto.	El equilibrio entre Fe(OH)₃ y sus iones es:  \r\nFe(OH)₃(s) ⇋ Fe³⁺(ac) + 3OH⁻(ac)  \r\nLa expresión de la constante del producto de solubilidad es:  \r\nKps = [Fe³⁺][OH⁻]³ = (s)(3s)³ = 27s⁴	Kps = 27s⁴		
13	2024-10-02	Ejercicio 12. De una disolución 0.30 mol·L⁻¹ de (NH₄)₂SO₄ se toman 100 mL y se colocan en un matraz aforado de 500 mL y se le agrega agua hasta el aforo. ¿Cuál es la concentración de NH₄⁺ de la nueva disolución?	La ecuación balanceada correspondiente al proceso de disolución del \\((\\text{NH}_4)_2\\text{SO}_4\\) es:\r\n\r\n\\[\r\n(\\text{NH}_4)_2\\text{SO}_4_{(ac)} \\rightarrow 2\\text{NH}_4^+_{(ac)} + \\text{SO}_4^{2-}_{(ac)}\r\n\\]\r\n\r\nComo es una sal que se disocia totalmente en agua:\r\n\r\n\\[\r\n0.1 \\, \\text{L} \\times \\frac{0.30 \\, \\text{mol}}{1 \\, \\text{L}} = 0.03 \\, \\text{mol} \\, (\\text{NH}_4)_2\\text{SO}_4\r\n\\]\r\n\r\n\\[\r\n0.03 \\, \\text{mol} \\, (\\text{NH}_4)_2\\text{SO}_4 \\times \\frac{2 \\, \\text{mol} \\, \\text{NH}_4^+}{1 \\, \\text{mol} \\, (\\text{NH}_4)_2\\text{SO}_4} = 0.06 \\, \\text{mol} \\, \\text{NH}_4^+\r\n\\]\r\n\r\n\\[\r\n[\\text{NH}_4^+] = \\frac{0.06 \\, \\text{mol} \\, \\text{NH}_4^+}{0.5 \\, \\text{L}} = 0.12 \\, \\text{mol/L}\r\n\\]	0.12 mol·L⁻¹		
10	2024-10-24	Ejercicio 9. Existen dispositivos como las pilas de combustible que permiten convertir la energía del hidrógeno en energía eléctrica y así se evita usar combustibles que generan dióxido de carbono.  \r\nLa ecuación de la reacción global que se lleva a cabo en este tipo de pilas es:  \r\n2H₂(g) + O₂(g) → 2H₂O(g)  \r\nUna pila tiene un rendimiento del 50 %. Calcula la energía que produce la reacción completa de 200 L de H₂(g) y 400 L de aire, sabiendo que el trabajo máximo que se puede obtener en una reacción química es igual a ΔG° multiplicado por el rendimiento. Los volúmenes de los gases están medidos en condiciones estándar (273.15 K y 1 atm).  \r\nDato: Composición aproximada del aire: 78.0 % N₂, 21.0 % O₂ y 1.0 % Ar. Considera comportamiento de gas ideal. Recuerda que pV = nRT (R = 0.082 atm·L·mol⁻¹·K⁻¹) y que ∆G° (agua líquida) = −237.13 kJ·mol⁻¹.	Se determina el reactivo limitante. Se considerará el comportamiento ideal y la cantidad de sustancia (ver tabla de reacción más abajo):\r\n\r\n\\[\r\nn = \\frac{1 \\, \\text{atm} \\cdot 200 \\, \\text{L H}_2}{(0.082 \\, \\text{atm} \\cdot \\text{L} \\cdot \\text{mol}^{-1} \\cdot \\text{K}^{-1}) \\cdot (273.15 \\, \\text{K})} = 8.93 \\, \\text{mol H}_2 \r\n\\]\r\n\r\n\\[\r\nn = \\frac{1 \\, \\text{atm} \\cdot 400 \\, \\text{L aire} \\cdot \\frac{21.0 \\, \\text{L O}_2}{100 \\, \\text{L aire}}}{(0.082 \\, \\text{atm} \\cdot \\text{L} \\cdot \\text{mol}^{-1} \\cdot \\text{K}^{-1}) \\cdot (273.15 \\, \\text{K})} = 3.75 \\, \\text{mol O}_2\r\n\\]\r\n\r\n\\[\r\n\\text{mol} \\quad 2\\text{H}_2_{(g)} + \\text{O}_2_{(g)} \\rightarrow 2\\text{H}_2\\text{O}_{(g)}\r\n\\]\r\n\r\n\\[\r\n\\begin{array}{c c c c c c}\r\n\\text{Inicio} & 8.93 & & 3.75 & & \\\\\r\n\\text{Reacciona} & -2x & & -x & & \\\\\r\n\\text{Se forma} & & & & & \\\\\r\n\\text{Final} & 1.43 & & 0 & & \\\\\r\n\\end{array}\r\n\\]\r\n\r\nPara conocer el reactivo limitante se debe despejar el valor de \\( x \\) igualando a cero ambas ecuaciones:\r\n\r\nPara \\(\\text{H}_2\\):\r\n\r\n\\[\r\n8.93 - 2x = 0 \\quad \\therefore \\quad x = 4.46 \\, \\text{mol H}_2\r\n\\]\r\n\r\nPara \\(\\text{O}_2\\):\r\n\r\n\\[\r\n3.75 - x = 0 \\quad \\therefore \\quad x = 3.75 \\, \\text{mol O}_2\r\n\\]\r\n\r\nPor lo tanto, el reactivo limitante es \\(\\text{O}_2\\) y el cuadro de avance de reacción se completa con \\( x = 3.75 \\, \\text{mol} \\).\r\n\r\nPara calcular la cantidad de sustancia de \\(\\text{H}_2\\) que no reacciona al cabo de la reacción:\r\n\r\n\\[\r\n8.93 - 2x = 8.93 - 2(3.75) = 1.43 \\, \\text{mol H}_2\r\n\\]\r\n\r\nLa energía libre de Gibbs (\\(\\Delta G^\\circ\\)) permite calcular el trabajo útil obtenido en una reacción química. Sabiendo que el rendimiento es del 50%:\r\n\r\n\\[\r\n7.50 \\, \\text{mol H}_2\\text{O} \\cdot \\frac{-237.13 \\, \\text{kJ}}{1 \\, \\text{mol H}_2\\text{O}} \\cdot \\frac{50 \\, \\text{kJ (real)}}{100 \\, \\text{kJ (teórico)}} = -890 \\, \\text{kJ}\r\n\\]	−890 kJ		resoluciones/ejercicio_9_CB4Vsnx.png
15	2024-10-04	Ejercicio 14. La variación de entalpía estándar para la combustión de CO es −68 kcal·mol⁻¹, y la variación de entalpía estándar para su formación a partir de carbono es −29 kcal·mol⁻¹. ¿Cuál es la variación de la entalpía estándar de formación de CO₂? (En condiciones normales 25 °C y 1 atm).	La ecuación correspondiente a la formación de \\(\\text{CO}_2\\) es:\r\n\r\n\\[\r\n\\text{C}_{(s)} + \\text{O}_2_{(g)} \\rightarrow \\text{CO}_2_{(g)}\r\n\\]\r\n\r\nLas ecuaciones termoquímicas correspondientes a las reacciones para obtener \\(\\text{CO}_2\\) a partir de 1 mol de \\(\\text{C}\\) son:\r\n\r\n\\[\r\n\\text{C}_{(s)} + \\frac{1}{2}\\text{O}_2_{(g)} \\rightarrow \\text{CO}_{(g)} \\quad \\Delta H_f^\\circ = -29 \\, \\text{kcal} \\cdot \\text{mol}^{-1}\r\n\\]\r\n\r\n\\[\r\n\\text{CO}_{(g)} + \\frac{1}{2}\\text{O}_2_{(g)} \\rightarrow \\text{CO}_2_{(g)} \\quad \\Delta H_f^\\circ = -68 \\, \\text{kcal} \\cdot \\text{mol}^{-1}\r\n\\]\r\n\r\nSumando ambas ecuaciones se obtiene:\r\n\r\n\\[\r\n\\text{C}_{(s)} + \\text{O}_2_{(g)} \\rightarrow \\text{CO}_2_{(g)} \\quad \\Delta H_f^\\circ = -97 \\, \\text{kcal} \\cdot \\text{mol}^{-1}\r\n\\]	ΔHf° = −97 kcal·mol⁻¹		
16	2024-10-07	Ejercicio 15. Para la fabricación de algunas celdas solares es necesario utilizar PbBr₂ durante el proceso. Calcula el producto de solubilidad de PbBr₂ a 25 °C si la solubilidad de esta sal en agua a 25 °C es de 0.022 mol·L⁻¹.	El equilibrio entre \\(\\text{PbBr}_2\\) sólido y sus iones es:\r\n\r\n\\[\r\n\\text{PbBr}_2_{(s)} \\rightleftharpoons \\text{Pb}^{2+}_{(ac)} + 2\\text{Br}^-_{(ac)}\r\n\\]\r\n\r\nLa expresión de la constante del producto de solubilidad es:\r\n\r\n\\[\r\nK_{ps} = [\\text{Pb}^{2+}][\\text{Br}^-]^2 = (s)(2s)^2 = 4s^3\r\n\\]\r\n\r\nEl valor de la constante es:\r\n\r\n\\[\r\nK_{ps} = 4(0.022)^3 = 4.3 \\times 10^{-5}\r\n\\]	Kₚₛ = 4.3 × 10⁻⁵		
17	2024-10-09	Ejercicio 16. El etanol ingerido en las bebidas alcohólicas pasa a la sangre desde el estómago e intestino. La sangre se oxigena en los pulmones liberando CO₂ y etanol, CH₃CH₂OH. La detección del alcohol consiste en la reacción de etanol con dicromato de potasio, K₂Cr₂O₇, en medio ácido, formando ácido acético, CH₃CO₂H, incoloro y generando iones Cr³⁺ de color verde.  \r\nEscribe la ecuación iónica balanceada en medio ácido para la reacción de detección de etanol:	Las ecuaciones de las semirreacciones que tienen lugar son:  \r\n**Reducción:**  \r\n2(Cr₂O₇²⁻(ac) + 14H⁺(ac) + 6e⁻ ⇋ 2Cr³⁺(ac) + 7H₂O(l))  \r\n\r\n**Oxidación:**  \r\n3(CH₃CH₂OH(ac) + H₂O(l) ⇋ CH₃CO₂H(ac) + 4H⁺(ac) + 4e⁻)  \r\n\r\n**La ecuación final se obtiene sumando ambas ecuaciones:**  \r\n2Cr₂O₇²⁻(ac) + 16H⁺(ac) + 3C₂H₆O(ac) → 4Cr³⁺(ac) + 3CH₃CO₂H(ac) + 11H₂O(l)	2Cr₂O₇²⁻(ac) + 16H⁺(ac) + 3CH₃CH₂OH(ac) → 4Cr³⁺(ac) + 3CH₃CO₂H(ac) + 11H₂O(l)		
18	2024-10-10	Ejercicio 17. Enunciado día 9 de enero: A los estudiantes del Laboratorio de Tecnología de Alimentos de la Facultad de Química de la UNAM les regalaron una bebida de 1 L que contiene 17.8 % en masa de extracto de mango y 0.28 % de acidez (referida a la masa de ácido cítrico por cada 100 g de bebida o materia prima). Los estudiantes deben preparar 1.0 L de bebida con las condiciones escritas en la etiqueta y parten de pulpa de mango con 0.25 % de acidez. Haciendo un balance de materia, calcula la masa de ácido cítrico necesaria para la elaboración de la bebida. Nota: La densidad de estas bebidas es de 1 g·mL⁻¹.  \r\nRespuesta corta: 2.355 g ácido cítrico\r\n\r\nEnunciado:  \r\nRetomando la pregunta del 9 de enero, calcula la masa de sacarosa y de agua que se necesita para la elaboración de la misma bebida. Toma en cuenta que para el balance de los sólidos solubles (en este caso ss; sacarosa) se obtuvieron 10.2 °Brix de la muestra con la que se quiere igualar y de la fruta (materia prima) se obtuvieron 20.5 °Brix.  \r\n°Bx = 1 g ss (sacarosa) · 100 g⁻¹ de bebida	\\section*{Balance de sólidos solubles}\r\n\r\n\\[\r\n178.0 \\, \\text{g pulpa de mango} \\times \\frac{20.5 \\, \\text{g ss}}{100 \\, \\text{g pulpa de mango}} + 2.4 \\, \\text{g ác. cítrico} \\times \\frac{100 \\, \\text{g ss}}{100 \\, \\text{g ác. cítrico}} + x \\, \\text{g sacarosa} = 1000 \\, \\text{g de bebida} \\times \\frac{10.2 \\, \\text{g ss}}{100 \\, \\text{g bebida}}\r\n\\]\r\n\r\n\\[\r\n36.5 \\, \\text{g ss (pulpa de mango)} + 2.4 \\, \\text{g ss (ácido cítrico)} + x \\, \\text{g sacarosa} = 10.2 \\, \\text{g ss (bebida)}\r\n\\]\r\n\r\n\\[\r\nx \\, \\text{g sacarosa} = 36.5 \\, \\text{g ss} + 2.4 \\, \\text{g ss} - 10.2 \\, \\text{g ss}\r\n\\]\r\n\r\n\\[\r\nx \\, \\text{g sacarosa} = 28.6 \\, \\text{g sacarosa}\r\n\\]\r\n\r\nPor lo tanto, se requieren 28.6 g de sacarosa para formular la bebida.\r\n\r\n\\section*{Cálculo para determinar la masa de agua}\r\n\r\n\\[\r\n1000 - (178 \\, \\text{g extracto de mango} + 28.6 \\, \\text{g sacarosa} + 2.4 \\, \\text{g ácido cítrico})\r\n\\]\r\n\r\n\\[\r\n1000 - 209 = 791.0 \\, \\text{g de agua}\r\n\\]\r\n\r\nPor lo tanto, se requieren 791.0 g de agua y 28.6 g de sacarosa para formular la bebida.	791.0 g de agua y 28.6 g de sacarosa		
19	2024-10-11	Ejercicio 18. ¿Cuál es el pH de una disolución de NH₄Br 0.30 mol·L⁻¹? Kb (NH₃/NH₄⁺) = 1.7 × 10⁻⁵	El bromuro de amonio, \\(\\text{NH}_4\\text{Br}\\), en disolución acuosa se encuentra disociado según la ecuación:\r\n\r\n\\[\r\n\\text{NH}_4\\text{Br}_{(ac)} \\rightarrow \\text{NH}_4^+_{(ac)} + \\text{Br}^-_{(ac)}\r\n\\]\r\n\r\nEl ion \\(\\text{Br}^-\\) no tiene carácter básico y no se protona. El ion \\(\\text{NH}_4^+\\) es el ácido conjugado de la base débil \\(\\text{NH}_3\\) y se disocia según la ecuación:\r\n\r\n\\[\r\n\\text{NH}_4^+_{(ac)} + \\text{H}_2\\text{O}_{(l)} \\rightleftharpoons \\text{NH}_3_{(ac)} + \\text{H}_3\\text{O}^+_{(ac)}\r\n\\]\r\n\r\nLa constante de basicidad del amoniaco es \\(1.75 \\times 10^{-5}\\), por lo que la constante de disociación ácida del amonio es:\r\n\r\n\\[\r\nK_a = \\frac{K_w}{K_b} = 5.9 \\times 10^{-10}\r\n\\]\r\n\r\nCon esta información se puede plantear el equilibrio del amonio en disolución acuosa:\r\n\r\n\\[\r\nK_a = \\frac{[\\text{H}_3\\text{O}^+][\\text{NH}_3]}{[\\text{NH}_4^+]} = 5.9 \\times 10^{-10}\r\n\\]\r\n\r\nPlanteando el cuadro de avance de reacción:\r\n\r\n\\[\r\n\\begin{array}{c c c c}\r\n\\text{mol} \\cdot \\text{L}^{-1} & \\text{NH}_4^+_{(ac)} & + & \\text{H}_2\\text{O}_{(l)} \\rightleftharpoons \\text{NH}_3_{(ac)} + \\text{H}_3\\text{O}^+_{(ac)} \\\\\r\n\\hline\r\n\\text{Inicio} & 0.30 & & & & \\\\\r\n\\text{Reacciona} & -x & & & & \\\\\r\n\\text{Se forma} & & & x & x \\\\\r\n\\text{Al equilibrio} & 0.30 - x & & x & x \\\\\r\n\\end{array}\r\n\\]\r\n\r\nSe requiere resolver una ecuación de segundo grado para obtener la concentración de iones hidronio, \\(\\text{H}_3\\text{O}^+\\), al equilibrio y luego el pH:\r\n\r\n\\[\r\nK_a = \\frac{x^2}{0.30 - x} = 5.9 \\times 10^{-10}\r\n\\]\r\n\r\nLa ecuación que se genera es:\r\n\r\n\\[\r\nx^2 + (5.9 \\times 10^{-10})x - 1.77 \\times 10^{-10} = 0\r\n\\]\r\n\r\nLas raíces que se obtienen al resolver la ecuación son:\r\n\r\n\\[\r\nx_1 = 1.33 \\times 10^{-5} \\quad \\text{y} \\quad x_2 = -1.33 \\times 10^{-5}\r\n\\]\r\n\r\nSe utiliza la raíz cuyo valor tiene un sentido físico, es decir, \\(x_1 = 1.33 \\times 10^{-5}\\). De esta forma, la concentración de iones hidronio, \\(\\text{H}_3\\text{O}^+\\), al equilibrio es igual a \\(1.33 \\times 10^{-5}\\) y el pH es:\r\n\r\n\\[\r\n\\text{pH} = -\\log(1.33 \\times 10^{-5}) = 4.88	pH = 4.88		
\.


--
-- TOC entry 4990 (class 0 OID 16785)
-- Dependencies: 238
-- Data for Name: api_respuestausuario; Type: TABLE DATA; Schema: public; Owner: italia
--

COPY public.api_respuestausuario (id, respuesta_usuario, ejercicio_id, usuario_id, fecha_envio) FROM stdin;
11	Ejercicio 1 respuesta Italidu jaja xd lol lol lol lol lol	1	1	2024-10-13
12	Ejercicio 2 respuesta Italidu jaja xd lol lol lol lol lol	2	1	2024-10-14
13	Ejercicio 3 respuesta Italiaaaaaaaaaaa	3	1	2024-10-15
14	Ejercicio sabrosongo lilongo Italia es la mejor	4	1	2024-10-16
15	holiwis	6	1	2024-10-17
16	respuesta xd	5	1	2024-10-18
17	Respuesta kevinazo	1	2	2024-10-13
18	respuesta hervinanzio	5	2	2024-10-18
19	hola	1	20	2024-10-13
20	hola	2	20	2024-10-14
21	hola	6	20	2024-10-17
22	hola	1	12	2024-10-13
23	hola	2	12	2024-10-14
24	hola	6	12	2024-10-17
25	zafarrancho	8	1	2024-10-17
26	-1234	10	1	2024-10-24
27	caca de vaca	11	1	2024-10-25
28	Ejercicio 11 respuesta italia	12	1	2024-10-01
29	Respuesta Ejercicio 6	7	1	2024-10-21
30	respuesta ejercicio 8	9	1	2024-10-23
31	respuesta ejercicio 11	12	1	2024-10-01
32	respuesta ejercicio 12	13	1	2024-10-02
\.


--
-- TOC entry 4976 (class 0 OID 16656)
-- Dependencies: 224
-- Data for Name: auth_group; Type: TABLE DATA; Schema: public; Owner: italia
--

COPY public.auth_group (id, name) FROM stdin;
\.


--
-- TOC entry 4978 (class 0 OID 16664)
-- Dependencies: 226
-- Data for Name: auth_group_permissions; Type: TABLE DATA; Schema: public; Owner: italia
--

COPY public.auth_group_permissions (id, group_id, permission_id) FROM stdin;
\.


--
-- TOC entry 4974 (class 0 OID 16650)
-- Dependencies: 222
-- Data for Name: auth_permission; Type: TABLE DATA; Schema: public; Owner: italia
--

COPY public.auth_permission (id, name, content_type_id, codename) FROM stdin;
1	Can add log entry	1	add_logentry
2	Can change log entry	1	change_logentry
3	Can delete log entry	1	delete_logentry
4	Can view log entry	1	view_logentry
5	Can add permission	2	add_permission
6	Can change permission	2	change_permission
7	Can delete permission	2	delete_permission
8	Can view permission	2	view_permission
9	Can add group	3	add_group
10	Can change group	3	change_group
11	Can delete group	3	delete_group
12	Can view group	3	view_group
13	Can add user	4	add_user
14	Can change user	4	change_user
15	Can delete user	4	delete_user
16	Can view user	4	view_user
17	Can add content type	5	add_contenttype
18	Can change content type	5	change_contenttype
19	Can delete content type	5	delete_contenttype
20	Can view content type	5	view_contenttype
21	Can add session	6	add_session
22	Can change session	6	change_session
23	Can delete session	6	delete_session
24	Can view session	6	view_session
25	Can add Token	7	add_token
26	Can change Token	7	change_token
27	Can delete Token	7	delete_token
28	Can view Token	7	view_token
29	Can add Token	8	add_tokenproxy
30	Can change Token	8	change_tokenproxy
31	Can delete Token	8	delete_tokenproxy
32	Can view Token	8	view_tokenproxy
33	Can add ejercicio	9	add_ejercicio
34	Can change ejercicio	9	change_ejercicio
35	Can delete ejercicio	9	delete_ejercicio
36	Can view ejercicio	9	view_ejercicio
37	Can add respuesta correcta corta	10	add_respuestacorrectacorta
38	Can change respuesta correcta corta	10	change_respuestacorrectacorta
39	Can delete respuesta correcta corta	10	delete_respuestacorrectacorta
40	Can view respuesta correcta corta	10	view_respuestacorrectacorta
41	Can add respuesta correcta larga	11	add_respuestacorrectalarga
42	Can change respuesta correcta larga	11	change_respuestacorrectalarga
43	Can delete respuesta correcta larga	11	delete_respuestacorrectalarga
44	Can view respuesta correcta larga	11	view_respuestacorrectalarga
45	Can add respuesta usuario	12	add_respuestausuario
46	Can change respuesta usuario	12	change_respuestausuario
47	Can delete respuesta usuario	12	delete_respuestausuario
48	Can view respuesta usuario	12	view_respuestausuario
\.


--
-- TOC entry 4980 (class 0 OID 16670)
-- Dependencies: 228
-- Data for Name: auth_user; Type: TABLE DATA; Schema: public; Owner: italia
--

COPY public.auth_user (id, password, last_login, is_superuser, username, first_name, last_name, email, is_staff, is_active, date_joined) FROM stdin;
6	pbkdf2_sha256$720000$EJaEjLo09f7vvdRaNxzs8X$zA714EdmFbFCsg8YxmDrAd8ntSPTNHs54jv1oOx3jO4=	\N	f	Usuario_6				f	t	2024-10-25 21:25:02-06
7	pbkdf2_sha256$720000$etzSZg0mVW9bq7jHf5ay6b$xT8n1mpt1Mi2zcAkMcnhnVUJevuO2xQpvToT57O3exc=	\N	f	Usuario_7				f	t	2024-10-25 21:25:45-06
8	pbkdf2_sha256$720000$S2U9TQYYovqbdySnLC5D0h$Bd0j5vuO1a49FTwgzMdUEPiuYMWBdd0vb9FqeTSzvNw=	\N	f	usuario_11			usuario_11@quimica.unam.mx	f	t	2024-10-25 21:25:55.228675-06
9	pbkdf2_sha256$720000$N8vZMsPdmz5zmBNQ0U1rBv$E7Vdt1h4HVMNCX0EebwWX+2yZ9jLz3TqNKWveUHS3fY=	\N	f	Usuario_8				f	t	2024-10-25 21:25:58-06
10	pbkdf2_sha256$720000$NBeGTuzjYPt9SMQ0CiNzBh$7DvpSO9drwGTduUmpVrU8XuIAR4P7ymdOD3/IodfeiY=	\N	f	Usuario_9				f	t	2024-10-25 21:26:48-06
11	pbkdf2_sha256$720000$TsUDgghsYzqeEWAyxiRX1F$RSsUyowFls0QKA26Dn54GOHhUMPppQ/soYBVZupZEOw=	\N	f	usuario_12			usuario_12@quimica.unam.mx	f	t	2024-10-25 21:26:59.673671-06
12	pbkdf2_sha256$720000$tlNitDPNpGPZUUHcr7wIjc$jQoGS1OT6JhuxuXObKAhNZ2+Lnyxx1uFeOgJ9YT7Jgs=	\N	f	Usuario_10				f	t	2024-10-25 21:27:08-06
13	pbkdf2_sha256$720000$8NQwS5zywlaVzoyFfgaVFC$3iNwFdGS+VkHub9Qa9eqyUHArfZytywUbp+r000Hx9o=	\N	f	Usuario_21				f	t	2024-10-25 21:27:24-06
14	pbkdf2_sha256$720000$1TD2RMhXwbsMmYlz8khrGp$FuvZyB0Nk/jPf9weShakc+fP9P3LnqqSkddUuGjdWL8=	\N	f	usuario_13			usuario_13@quimica.unam.mx	f	t	2024-10-25 21:27:39.471984-06
15	pbkdf2_sha256$720000$m6rO9zcGpgMaAPIlTwXkUz$0B7d6FnMPN5ZxLy4xamU18LlqoQfChkx7aePPnIL6mc=	\N	f	usuario_14			usuario_14@quimica.unam.mx	f	t	2024-10-25 21:29:54.285246-06
16	pbkdf2_sha256$720000$zPOAlRPkxexObzaGY5yH5o$Zw4kbCYfNRAau0tyrB+WoYRjlOBlFGo52cX++zzTUaI=	\N	f	usuario_15			usuario_15@quimica.unam.mx	f	t	2024-10-25 21:30:43.932601-06
17	pbkdf2_sha256$720000$EnQ6teKsYhUETjZL2t3Eik$Z7dmqOtF+mu75+DQVjDdaQEiR84AYFGj7s94KkHrqd8=	\N	f	usuario_16			usuario_16@quimica.unam.mx	f	t	2024-10-25 21:31:18.87419-06
2	pbkdf2_sha256$720000$GATrpKRvV5xenoY2fk32ld$qRivkqwC/DUcju6wlAAXqj0PIV9Nt3H/2LjR12x1oB8=	2024-10-18 13:11:11.00214-06	f	Kevin			417098890@quimica.unam.mx	f	t	2024-10-12 11:12:38.962572-06
18	pbkdf2_sha256$720000$QDMWqsA1Sq061lcd4baR6z$w4EOznK/b45yyTExQn3K/a9aKykqETm1tnxU3z5Hi20=	\N	f	usuario_17			usuario_17@quimica.unam.mx	f	t	2024-10-25 21:31:58.320264-06
19	pbkdf2_sha256$720000$XOiEFzgF7uf9VGVhjiPwcF$fE8/J/gtFyCk6+7KShTNKrAwfXQROoqiPymfLybM5QI=	\N	f	usuario_18			usuario_18@quimica.unam.mx	f	t	2024-10-25 21:32:27.054288-06
20	pbkdf2_sha256$720000$10Lb1s340lJWZPWO5lTEJY$nnhyMn31bf8ywBJZfzfQ+Qo5hzcdZFpESjvukqdYDrU=	2024-10-25 21:33:15.698362-06	f	usuario_19			usuario_19@quimica.unam.mx	f	t	2024-10-25 21:32:53.802428-06
1	pbkdf2_sha256$720000$cxSIs098H8jwQThRrcamDO$fq/IjzDmwUgWSICdB+NRi3o1C6jBl8O3iK+F4i3Eqvg=	2024-10-26 15:13:18.247504-06	t	Italia				t	t	2024-10-07 19:13:31.506688-06
4	pbkdf2_sha256$720000$lSkwNpVJu7NANcFqDlYomv$5Jkj3wLB5CWzZr+AiS2PXEmsV91DB1j+ULysnn3GD/s=	\N	f	Usuario_3				f	t	2024-10-25 21:23:41-06
5	pbkdf2_sha256$720000$racdpVGQ3XyPPqLGNvbbtb$p5iR/XMB73+EVEsKYSp0J6WTNWFMS3jXJVFmowNEAHM=	\N	f	Usuario_5				f	t	2024-10-25 21:24:36-06
3	pbkdf2_sha256$720000$OVzJ24E5umBTikJiW3BevM$q/y9JN0PDkKS3PUvG1CmaFSPaiw0MYA/TM/1f/Fo9fo=	\N	f	Usuario_4			blabla@quimica.unam.mx	f	t	2024-10-19 19:29:19-06
\.


--
-- TOC entry 4982 (class 0 OID 16678)
-- Dependencies: 230
-- Data for Name: auth_user_groups; Type: TABLE DATA; Schema: public; Owner: italia
--

COPY public.auth_user_groups (id, user_id, group_id) FROM stdin;
\.


--
-- TOC entry 4984 (class 0 OID 16684)
-- Dependencies: 232
-- Data for Name: auth_user_user_permissions; Type: TABLE DATA; Schema: public; Owner: italia
--

COPY public.auth_user_user_permissions (id, user_id, permission_id) FROM stdin;
\.


--
-- TOC entry 4991 (class 0 OID 16824)
-- Dependencies: 239
-- Data for Name: authtoken_token; Type: TABLE DATA; Schema: public; Owner: italia
--

COPY public.authtoken_token (key, created, user_id) FROM stdin;
\.


--
-- TOC entry 4986 (class 0 OID 16742)
-- Dependencies: 234
-- Data for Name: django_admin_log; Type: TABLE DATA; Schema: public; Owner: italia
--

COPY public.django_admin_log (id, action_time, object_id, object_repr, action_flag, change_message, content_type_id, user_id) FROM stdin;
1	2024-10-07 19:14:17.187265-06	1	prueba para envio de respuestas	1	[{"added": {}}]	9	1
2	2024-10-08 09:26:06.390573-06	1	prueba para envio de respuestas	2	[{"changed": {"fields": ["Fecha"]}}]	9	1
3	2024-10-11 19:58:49.362911-06	1	Ejercicio del 2024-10-12 - El carbono-13 (¹³C) es un isótopo estable natural ...	2	[{"changed": {"fields": ["Enunciado", "Respuesta corta", "Resolucion"]}}]	9	1
4	2024-10-14 17:40:23.706735-06	1	Ejercicio del 2024-10-14 - El carbono-13 (¹³C) es un isótopo estable natural ...	2	[{"changed": {"fields": ["Dia"]}}]	9	1
5	2024-10-14 17:44:19.449814-06	1	Ejercicio del 2024-10-13 - El carbono-13 (¹³C) es un isótopo estable natural ...	2	[{"changed": {"fields": ["Dia"]}}]	9	1
6	2024-10-14 17:45:57.65423-06	2	Ejercicio del 2024-10-14 - Calcula la concentración de una disolución que se ...	1	[{"added": {}}]	9	1
7	2024-10-14 18:11:42.664629-06	3	Respuesta de Kevin a 'respuesta de prueba...'	3		12	1
8	2024-10-14 18:11:42.667644-06	2	Respuesta de Kevin a 'prueba de respuesta...'	3		12	1
9	2024-10-14 18:11:42.668657-06	1	Respuesta de Italia a 'Esta es una prueba de respuestas usuario...'	3		12	1
10	2024-10-14 18:12:15.088818-06	2	Ejercicio del 2024-10-15 - Calcula la concentración de una disolución que se ...	2	[{"changed": {"fields": ["Dia"]}}]	9	1
11	2024-10-14 18:17:14.906753-06	4	Respuesta de Italia a 'prueba...'	3		12	1
12	2024-10-14 18:19:45.422711-06	5	Respuesta de Italia a 'prueba...'	3		12	1
13	2024-10-14 18:21:19.723361-06	6	Respuesta de Italia a 'prueba...'	3		12	1
14	2024-10-14 18:22:02.419602-06	7	Respuesta de Italia a 'prueba...'	3		12	1
15	2024-10-14 18:24:38.139003-06	2	Ejercicio del 2024-10-16 - Calcula la concentración de una disolución que se ...	2	[{"changed": {"fields": ["Dia"]}}]	9	1
16	2024-10-14 18:24:46.865417-06	8	Respuesta de Italia a 'prueba...'	3		12	1
17	2024-10-15 16:24:19.028196-06	3	Ejercicio del 2024-10-15 - Un estudiante de Química observó en el laboratorio...	1	[{"added": {}}]	9	1
18	2024-10-15 16:24:30.032108-06	2	Ejercicio del 2024-10-14 - Calcula la concentración de una disolución que se ...	2	[{"changed": {"fields": ["Dia"]}}]	9	1
19	2024-10-15 16:28:18.109827-06	4	Ejercicio del 2024-10-15 - La descomposición térmica de NaHCO₃ sólido produce...	1	[{"added": {}}]	9	1
20	2024-10-15 16:28:25.710225-06	4	Ejercicio del 2024-10-16 - La descomposición térmica de NaHCO₃ sólido produce...	2	[{"changed": {"fields": ["Dia"]}}]	9	1
21	2024-10-15 16:29:55.862168-06	1	Ejercicio del 2024-10-13 - Ejercicio 1. El carbono-13 (¹³C) es un isótopo est...	2	[{"changed": {"fields": ["Enunciado"]}}]	9	1
22	2024-10-15 16:30:11.546509-06	2	Ejercicio del 2024-10-14 - Ejercicio 2. Calcula la concentración de una disol...	2	[{"changed": {"fields": ["Enunciado"]}}]	9	1
23	2024-10-15 16:30:24.581245-06	3	Ejercicio del 2024-10-15 - Ejercicio 3. Un estudiante de Química observó en e...	2	[{"changed": {"fields": ["Enunciado"]}}]	9	1
24	2024-10-15 16:30:43.585589-06	4	Ejercicio del 2024-10-16 - Ejercicio 4. La descomposición térmica de NaHCO₃ s...	2	[{"changed": {"fields": ["Enunciado"]}}]	9	1
25	2024-10-15 16:30:53.206406-06	3	Ejercicio del 2024-10-15 - Ejercicio 3. Un estudiante de Química observó en e...	2	[{"changed": {"fields": ["Imagen compuesto"]}}]	9	1
26	2024-10-17 20:09:27.468279-06	3	Ejercicio del 2024-10-15 - Ejercicio 3. Un estudiante de Química observó en e...	2	[{"changed": {"fields": ["Imagen resolucion"]}}]	9	1
27	2024-10-17 20:09:35.357967-06	3	Ejercicio del 2024-10-18 - Ejercicio 3. Un estudiante de Química observó en e...	2	[{"changed": {"fields": ["Dia"]}}]	9	1
28	2024-10-17 20:15:02.462839-06	3	Ejercicio del 2024-10-15 - Ejercicio 3. Un estudiante de Química observó en e...	2	[{"changed": {"fields": ["Dia"]}}]	9	1
29	2024-10-17 20:15:35.893188-06	5	Ejercicio del 2024-10-18 - Ejercicio prueba. Hola buen día :)...	1	[{"added": {}}]	9	1
30	2024-10-17 20:58:15.567627-06	4	Ejercicio del 2024-10-18 - Ejercicio 4. La descomposición térmica de NaHCO₃ s...	2	[{"changed": {"fields": ["Dia", "Imagen enunciado"]}}]	9	1
31	2024-10-17 20:58:23.740154-06	5	Ejercicio del 2024-10-19 - Ejercicio prueba. Hola buen día :)...	2	[{"changed": {"fields": ["Dia"]}}]	9	1
32	2024-10-17 21:03:40.318298-06	4	Ejercicio del 2024-10-18 - Ejercicio 4. La descomposición térmica de NaHCO₃ s...	2	[{"changed": {"fields": ["Enunciado"]}}]	9	1
33	2024-10-17 21:07:25.21729-06	4	Ejercicio del 2024-10-18 - Ejercicio 4. La descomposición térmica de NaHCO₃ s...	2	[]	9	1
34	2024-10-17 21:08:05.343278-06	4	Ejercicio del 2024-10-18 - Ejercicio 4. La descomposición térmica de NaHCO₃ s...	2	[{"changed": {"fields": ["Imagen enunciado"]}}]	9	1
35	2024-10-17 21:09:30.375896-06	4	Ejercicio del 2024-10-18 - Ejercicio 4. La descomposición térmica de NaHCO₃ s...	2	[{"changed": {"fields": ["Imagen enunciado"]}}]	9	1
36	2024-10-17 21:13:34.70961-06	4	Ejercicio del 2024-10-18 - Ejercicio 4. La descomposición térmica de NaHCO₃ s...	2	[{"changed": {"fields": ["Imagen enunciado"]}}]	9	1
37	2024-10-17 21:13:42.365531-06	4	Ejercicio del 2024-10-18 - Ejercicio 4. La descomposición térmica de NaHCO₃ s...	2	[{"changed": {"fields": ["Imagen enunciado"]}}]	9	1
38	2024-10-19 17:52:20.948849-06	5	Ejercicio del 2024-10-22 - Ejercicio prueba. Hola buen día :)...	2	[{"changed": {"fields": ["Dia"]}}]	9	1
39	2024-10-19 17:52:28.891362-06	5	Ejercicio del 2024-10-19 - Ejercicio prueba. Hola buen día :)...	2	[{"changed": {"fields": ["Dia"]}}]	9	1
40	2024-10-19 19:09:15.375078-06	9	Respuesta de Italia a 'prueba...'	2	[]	12	1
41	2024-10-19 19:09:43.865603-06	10	Respuesta de Italia a 'Respuesta del 18 de octubre :D...'	1	[{"added": {}}]	12	1
42	2024-10-19 20:04:12.397936-06	4	Ejercicio del 2024-10-18 - Ejercicio 4. La descomposición térmica de NaHCO₃ s...	2	[{"changed": {"fields": ["Resolucion"]}}]	9	1
43	2024-10-19 20:07:37.540306-06	4	Ejercicio del 2024-10-18 - Ejercicio 4. La descomposición térmica de NaHCO₃ s...	2	[{"changed": {"fields": ["Resolucion"]}}]	9	1
44	2024-10-19 20:19:11.504405-06	4	Ejercicio del 2024-10-18 - Ejercicio 4. La descomposición térmica de NaHCO₃ s...	2	[{"changed": {"fields": ["Resolucion"]}}]	9	1
45	2024-10-19 20:19:46.128395-06	4	Ejercicio del 2024-10-18 - Ejercicio 4. La descomposición térmica de NaHCO₃ s...	2	[{"changed": {"fields": ["Resolucion"]}}]	9	1
46	2024-10-19 20:20:04.31328-06	4	Ejercicio del 2024-10-18 - Ejercicio 4. La descomposición térmica de NaHCO₃ s...	2	[{"changed": {"fields": ["Resolucion"]}}]	9	1
47	2024-10-19 20:24:45.700689-06	6	Ejercicio del 2024-10-20 - Ejercicio 5. En los años 80 se utilizaba comúnment...	1	[{"added": {}}]	9	1
48	2024-10-19 20:25:37.789079-06	4	Ejercicio del 2024-10-18 - Ejercicio 4. La descomposición térmica de NaHCO₃ s...	2	[{"changed": {"fields": ["Resolucion"]}}]	9	1
49	2024-10-19 20:33:47.488314-06	6	Ejercicio del 2024-10-20 - En los años 80 se utilizaba comúnmente el bromuro ...	2	[{"changed": {"fields": ["Enunciado", "Respuesta corta"]}}]	9	1
50	2024-10-19 21:17:46.848493-06	4	Ejercicio del 2024-10-18 - Ejercicio 4. La descomposición térmica de NaHCO₃ s...	2	[]	9	1
51	2024-10-19 21:17:54.879233-06	6	Ejercicio del 2024-10-20 - En los años 80 se utilizaba comúnmente el bromuro ...	2	[]	9	1
52	2024-10-19 21:18:22.048734-06	6	Ejercicio del 2024-10-20 - Ejercicio 5. En los años 80 se utilizaba comúnment...	2	[{"changed": {"fields": ["Enunciado"]}}]	9	1
53	2024-10-25 20:28:10.228844-06	10	Respuesta de Italia a 'Respuesta del 18 de octubre :D...'	3		12	1
54	2024-10-25 20:28:10.245025-06	9	Respuesta de Italia a 'prueba...'	3		12	1
55	2024-10-25 20:36:09.552894-06	11	Respuesta de Italia a 'Ejercicio 1 respuesta Italidu jaja xd lol lol lol ...'	1	[{"added": {}}]	12	1
56	2024-10-25 20:36:29.614148-06	12	Respuesta de Italia a 'Ejercicio 2 respuesta Italidu jaja xd lol lol lol ...'	1	[{"added": {}}]	12	1
57	2024-10-25 20:40:17.597785-06	4	Ejercicio del 2024-10-16 - Ejercicio 4. La descomposición térmica de NaHCO₃ s...	2	[{"changed": {"fields": ["Dia"]}}]	9	1
58	2024-10-25 20:40:25.16934-06	5	Ejercicio del 2024-10-17 - Ejercicio prueba. Hola buen día :)...	2	[{"changed": {"fields": ["Dia"]}}]	9	1
59	2024-10-25 20:40:33.266513-06	6	Ejercicio del 2024-10-18 - Ejercicio 5. En los años 80 se utilizaba comúnment...	2	[{"changed": {"fields": ["Dia"]}}]	9	1
60	2024-10-25 20:40:41.111891-06	5	Ejercicio del 2024-10-18 - Ejercicio prueba. Hola buen día :)...	2	[{"changed": {"fields": ["Dia"]}}]	9	1
61	2024-10-25 20:40:44.235496-06	5	Ejercicio del 2024-10-18 - Ejercicio prueba. Hola buen día :)...	2	[]	9	1
62	2024-10-25 20:40:50.864509-06	6	Ejercicio del 2024-10-17 - Ejercicio 5. En los años 80 se utilizaba comúnment...	2	[{"changed": {"fields": ["Dia"]}}]	9	1
63	2024-10-25 20:41:22.381129-06	13	Respuesta de Italia a 'Ejercicio 3 respuesta Italiaaaaaaaaaaa...'	1	[{"added": {}}]	12	1
64	2024-10-25 20:41:51.450016-06	14	Respuesta de Italia a 'Ejercicio sabrosongo lilongo Italia es la mejor...'	1	[{"added": {}}]	12	1
65	2024-10-25 20:42:04.701838-06	15	Respuesta de Italia a 'holiwis...'	1	[{"added": {}}]	12	1
66	2024-10-25 20:42:32.767929-06	16	Respuesta de Italia a 'respuesta xd...'	1	[{"added": {}}]	12	1
67	2024-10-25 20:57:58.633407-06	17	Respuesta de Kevin a 'Respuesta kevinazo...'	1	[{"added": {}}]	12	1
68	2024-10-25 20:58:19.270036-06	18	Respuesta de Kevin a 'respuesta hervinanzio...'	1	[{"added": {}}]	12	1
69	2024-10-25 21:23:41.482034-06	4	Usuario_3	1	[{"added": {}}]	4	1
70	2024-10-25 21:23:50.040855-06	4	Usuario_3	2	[]	4	1
71	2024-10-25 21:24:37.096194-06	5	Usuario_5	1	[{"added": {}}]	4	1
72	2024-10-25 21:24:40.421822-06	5	Usuario_5	2	[]	4	1
73	2024-10-25 21:24:48.698054-06	3	Usuario_4	2	[{"changed": {"fields": ["Username"]}}]	4	1
74	2024-10-25 21:25:02.922133-06	6	Usuario_6	1	[{"added": {}}]	4	1
75	2024-10-25 21:25:05.960907-06	6	Usuario_6	2	[]	4	1
76	2024-10-25 21:25:45.630251-06	7	Usuario_7	1	[{"added": {}}]	4	1
77	2024-10-25 21:25:48.229051-06	7	Usuario_7	2	[]	4	1
78	2024-10-25 21:25:58.670036-06	9	Usuario_8	1	[{"added": {}}]	4	1
79	2024-10-25 21:26:01.285496-06	9	Usuario_8	2	[]	4	1
80	2024-10-25 21:26:49.252379-06	10	Usuario_9	1	[{"added": {}}]	4	1
81	2024-10-25 21:26:52.160168-06	10	Usuario_9	2	[]	4	1
82	2024-10-25 21:27:08.797812-06	12	Usuario_10	1	[{"added": {}}]	4	1
83	2024-10-25 21:27:11.998658-06	12	Usuario_10	2	[]	4	1
84	2024-10-25 21:27:24.40007-06	13	Usuario_21	1	[{"added": {}}]	4	1
85	2024-10-25 21:27:26.954206-06	13	Usuario_21	2	[]	4	1
86	2024-10-25 21:38:51.622099-06	19	Respuesta de usuario_19 a 'hola...'	1	[{"added": {}}]	12	1
87	2024-10-25 21:39:07.240699-06	20	Respuesta de usuario_19 a 'hola...'	1	[{"added": {}}]	12	1
88	2024-10-25 21:39:24.695115-06	21	Respuesta de usuario_19 a 'hola...'	1	[{"added": {}}]	12	1
89	2024-10-25 21:40:54.77617-06	22	Respuesta de Usuario_10 a 'hola...'	1	[{"added": {}}]	12	1
90	2024-10-25 21:41:13.90282-06	23	Respuesta de Usuario_10 a 'hola...'	1	[{"added": {}}]	12	1
91	2024-10-25 21:41:25.075957-06	24	Respuesta de Usuario_10 a 'hola...'	1	[{"added": {}}]	12	1
92	2024-10-25 21:44:54.567565-06	7	Ejercicio del 2024-10-21 - Ejercicio 6. Encuentra la suma de los coeficientes...	1	[{"added": {}}]	9	1
93	2024-10-25 21:48:08.879153-06	8	Ejercicio del 2024-10-22 - A los estudiantes del Laboratorio de Tecnología de...	1	[{"added": {}}]	9	1
94	2024-10-25 21:49:11.193864-06	9	Ejercicio del 2024-10-23 - Ejercicio 8. El potencial de reducción de un elect...	1	[{"added": {}}]	9	1
95	2024-10-25 21:49:23.686508-06	8	Ejercicio del 2024-10-22 - Ejercicio 7. A los estudiantes del Laboratorio de ...	2	[{"changed": {"fields": ["Enunciado"]}}]	9	1
96	2024-10-25 21:50:15.721674-06	10	Ejercicio del 2024-10-26 - ```latex\r\n\\textbf{Dado el problema:}\r\n\r\n\\[\r\n\\text{...	1	[{"added": {}}]	9	1
97	2024-10-25 21:50:50.92199-06	10	Ejercicio del 2024-10-26 - \\textbf{Dado el problema:}\r\n\r\n\\[\r\n\\text{Reacción g...	2	[{"changed": {"fields": ["Enunciado"]}}]	9	1
98	2024-10-25 21:54:56.022604-06	10	Ejercicio del 2024-10-26 - La ecuación química balanceada correspondiente a l...	2	[{"changed": {"fields": ["Enunciado"]}}]	9	1
99	2024-10-25 21:56:45.500715-06	10	Ejercicio del 2024-10-26 - Ejercicio 9. Existen dispositivos como las pilas d...	2	[{"changed": {"fields": ["Enunciado"]}}]	9	1
100	2024-10-25 22:07:51.342136-06	10	Ejercicio del 2024-10-26 - Ejercicio 9. Existen dispositivos como las pilas d...	2	[{"changed": {"fields": ["Enunciado"]}}]	9	1
101	2024-10-25 22:15:32.584464-06	10	Ejercicio del 2024-10-26 - Ejercicio 9. Existen dispositivos como las pilas d...	2	[{"changed": {"fields": ["Enunciado"]}}]	9	1
102	2024-10-25 22:17:20.287605-06	8	Ejercicio del 2024-10-22 - Ejercicio 7. A los estudiantes del Laboratorio de ...	2	[{"changed": {"fields": ["Resolucion"]}}]	9	1
103	2024-10-25 22:17:47.113801-06	25	Respuesta de Italia a 'zafarrancho...'	1	[{"added": {}}]	12	1
104	2024-10-25 22:19:34.377164-06	9	Ejercicio del 2024-10-23 - Ejercicio 8. El potencial de reducción de un elect...	2	[{"changed": {"fields": ["Resolucion"]}}]	9	1
105	2024-10-25 22:24:16.159729-06	10	Ejercicio del 2024-10-24 - Ejercicio 9. Existen dispositivos como las pilas d...	2	[{"changed": {"fields": ["Dia", "Respuesta corta", "Resolucion", "Imagen resolucion"]}}]	9	1
106	2024-10-25 22:24:46.017545-06	26	Respuesta de Italia a '-1234...'	1	[{"added": {}}]	12	1
107	2024-10-25 22:26:24.958518-06	11	Ejercicio del 2024-10-25 - Ejercicio 10. Para el tratamiento de aguas residua...	1	[{"added": {}}]	9	1
108	2024-10-25 22:26:30.615184-06	11	Ejercicio del 2024-10-26 - Ejercicio 10. Para el tratamiento de aguas residua...	2	[{"changed": {"fields": ["Dia"]}}]	9	1
109	2024-10-25 22:28:06.346109-06	11	Ejercicio del 2024-10-26 - Ejercicio 10. Para el tratamiento de aguas residua...	2	[{"changed": {"fields": ["Enunciado", "Respuesta corta"]}}]	9	1
110	2024-10-25 22:30:25.420304-06	11	Ejercicio del 2024-10-26 - Ejercicio 10. Para el tratamiento de aguas residua...	2	[{"changed": {"fields": ["Resolucion"]}}]	9	1
111	2024-10-25 22:30:35.071292-06	11	Ejercicio del 2024-10-25 - Ejercicio 10. Para el tratamiento de aguas residua...	2	[{"changed": {"fields": ["Dia"]}}]	9	1
112	2024-10-25 22:30:54.809431-06	27	Respuesta de Italia a 'caca de vaca...'	2	[{"changed": {"fields": ["Fecha envio"]}}]	12	1
113	2024-10-25 22:31:14.867012-06	11	Ejercicio del 2024-10-25 - Ejercicio 10. Para el tratamiento de aguas residua...	2	[]	9	1
114	2024-10-26 15:10:57.490147-06	12	Ejercicio del 2024-10-26 - Ejercicio 11. El hidrógeno molecular, H₂, se puede...	1	[{"added": {}}]	9	1
115	2024-10-26 15:11:44.637435-06	3	Ejercicio del 2024-10-15 - Ejercicio 3. Un estudiante de Química observó en e...	2	[]	9	1
116	2024-10-26 15:11:52.063745-06	7	Ejercicio del 2024-10-21 - Ejercicio 6. Encuentra la suma de los coeficientes...	2	[]	9	1
117	2024-10-26 15:15:39.246668-06	3	Ejercicio del 2024-10-15 - Ejercicio 3. Un estudiante de Química observó en e...	2	[{"changed": {"fields": ["Resolucion"]}}]	9	1
118	2024-10-26 15:16:44.122165-06	3	Ejercicio del 2024-10-15 - Ejercicio 3. Un estudiante de Química observó en e...	2	[]	9	1
119	2024-10-26 15:22:58.386786-06	12	Ejercicio del 2024-10-26 - Ejercicio 11. El hidrógeno molecular, H₂, se puede...	2	[{"changed": {"fields": ["Resolucion"]}}]	9	1
120	2024-10-26 15:23:17.956718-06	28	Respuesta de Italia a 'respuesta italia...'	1	[{"added": {}}]	12	1
121	2024-10-26 15:25:38.070975-06	3	Ejercicio del 2024-10-15 - Ejercicio 3. Un estudiante de Química observó en e...	2	[]	9	1
122	2024-10-26 15:25:52.380427-06	12	Ejercicio del 2024-10-01 - Ejercicio 11. El hidrógeno molecular, H₂, se puede...	2	[{"changed": {"fields": ["Dia"]}}]	9	1
123	2024-10-26 15:26:11.655004-06	28	Respuesta de Italia a 'Ejercicio 11 respuesta italia...'	2	[{"changed": {"fields": ["Respuesta usuario", "Fecha envio"]}}]	12	1
124	2024-10-26 15:29:55.41804-06	12	Ejercicio del 2024-10-01 - Ejercicio 11. El hidrógeno molecular, H₂, se puede...	2	[{"changed": {"fields": ["Resolucion"]}}]	9	1
125	2024-10-26 15:31:41.88237-06	3	Ejercicio del 2024-10-15 - Ejercicio 3. Un estudiante de Química observó en e...	2	[{"changed": {"fields": ["Resolucion"]}}]	9	1
126	2024-10-26 15:34:28.37236-06	3	Ejercicio del 2024-10-15 - Ejercicio 3. Un estudiante de Química observó en e...	2	[{"changed": {"fields": ["Resolucion"]}}]	9	1
127	2024-10-26 15:35:35.762634-06	3	Ejercicio del 2024-10-15 - Ejercicio 3. Un estudiante de Química observó en e...	2	[{"changed": {"fields": ["Resolucion"]}}]	9	1
128	2024-10-26 15:37:18.520855-06	3	Ejercicio del 2024-10-15 - Ejercicio 3. Un estudiante de Química observó en e...	2	[{"changed": {"fields": ["Resolucion"]}}]	9	1
129	2024-10-26 15:38:10.166212-06	3	Ejercicio del 2024-10-15 - Ejercicio 3. Un estudiante de Química observó en e...	2	[{"changed": {"fields": ["Imagen resolucion"]}}]	9	1
130	2024-10-26 15:39:03.195659-06	3	Ejercicio del 2024-10-15 - Ejercicio 3. Un estudiante de Química observó en e...	2	[{"changed": {"fields": ["Resolucion"]}}]	9	1
131	2024-10-26 15:42:08.918575-06	1	Ejercicio del 2024-10-08 - Ejercicio 1. El carbono-13 (¹³C) es un isótopo est...	2	[{"changed": {"fields": ["Dia"]}}]	9	1
132	2024-10-26 15:47:52.499827-06	7	Ejercicio del 2024-10-21 - Ejercicio 6. Encuentra la suma de los coeficientes...	2	[]	9	1
133	2024-10-26 15:53:41.133266-06	13	Ejercicio del 2024-10-02 - Ejercicio 12. De una disolución 0.30 mol·L⁻¹ de (N...	1	[{"added": {}}]	9	1
134	2024-10-26 15:54:11.397833-06	29	Respuesta de Italia a 'Respuesta Ejercicio 6...'	1	[{"added": {}}]	12	1
135	2024-10-26 15:57:32.530463-06	13	Ejercicio del 2024-10-02 - Ejercicio 12. De una disolución 0.30 mol·L⁻¹ de (N...	2	[]	9	1
136	2024-10-26 15:57:53.744884-06	30	Respuesta de Italia a 'respuesta ejercicio 8...'	1	[{"added": {}}]	12	1
137	2024-10-26 16:01:19.32715-06	31	Respuesta de Italia a 'respuesta ejercicio 11...'	1	[{"added": {}}]	12	1
138	2024-10-26 16:01:34.767891-06	32	Respuesta de Italia a 'respuesta ejercicio 12...'	1	[{"added": {}}]	12	1
139	2024-10-26 16:02:05.476221-06	13	Ejercicio del 2024-10-02 - Ejercicio 12. De una disolución 0.30 mol·L⁻¹ de (N...	2	[{"changed": {"fields": ["Resolucion"]}}]	9	1
140	2024-10-28 15:33:30.090341-06	14	Ejercicio del 2024-10-03 - Ejercicio 13. Calcula el pH que se obtiene al diso...	1	[{"added": {}}]	9	1
141	2024-10-28 15:40:09.20293-06	1	Ejercicio del 2024-10-08 - Ejercicio 1. El carbono-13 (¹³C) es un isótopo est...	2	[{"changed": {"fields": ["Resolucion"]}}]	9	1
142	2024-10-28 15:42:43.988068-06	4	Ejercicio del 2024-10-16 - Ejercicio 4. La descomposición térmica de NaHCO₃ s...	2	[{"changed": {"fields": ["Enunciado", "Imagen enunciado"]}}]	9	1
143	2024-10-28 15:43:56.96488-06	6	Ejercicio del 2024-10-17 - Ejercicio 5. En los años 80 se utilizaba comúnment...	2	[{"changed": {"fields": ["Resolucion"]}}]	9	1
144	2024-10-28 15:45:02.296105-06	7	Ejercicio del 2024-10-21 - Ejercicio 6. Encuentra la suma de los coeficientes...	2	[{"changed": {"fields": ["Resolucion"]}}]	9	1
145	2024-10-28 15:46:18.023451-06	9	Ejercicio del 2024-10-23 - Ejercicio 8. El potencial de reducción de un elect...	2	[{"changed": {"fields": ["Resolucion"]}}]	9	1
146	2024-10-28 15:49:41.540396-06	10	Ejercicio del 2024-10-24 - Ejercicio 9. Existen dispositivos como las pilas d...	2	[{"changed": {"fields": ["Enunciado", "Resolucion"]}}]	9	1
147	2024-10-28 15:51:31.483487-06	13	Ejercicio del 2024-10-02 - Ejercicio 12. De una disolución 0.30 mol·L⁻¹ de (N...	2	[{"changed": {"fields": ["Resolucion"]}}]	9	1
148	2024-10-28 15:54:09.237419-06	15	Ejercicio del 2024-10-04 - Ejercicio 14. La variación de entalpía estándar pa...	1	[{"added": {}}]	9	1
149	2024-10-28 16:15:54.692011-06	16	Ejercicio del 2024-10-07 - Ejercicio 15. Para la fabricación de algunas celda...	1	[{"added": {}}]	9	1
150	2024-10-28 16:20:31.374619-06	17	Ejercicio del 2024-10-09 - Ejercicio 16. El etanol ingerido en las bebidas al...	1	[{"added": {}}]	9	1
151	2024-10-28 16:41:58.791642-06	18	Ejercicio del 2024-10-10 - Ejercicio 17. Enunciado día 9 de enero: A los estu...	1	[{"added": {}}]	9	1
152	2024-10-28 16:45:49.376956-06	19	Ejercicio del 2024-10-11 - Ejercicio 18. ¿Cuál es el pH de una disolución de ...	1	[{"added": {}}]	9	1
153	2024-10-28 17:15:20.196254-06	20	Ejercicio del 2024-09-02 - Ejercicio 19. La temperatura de ebullición normal ...	1	[{"added": {}}]	9	1
\.


--
-- TOC entry 4972 (class 0 OID 16642)
-- Dependencies: 220
-- Data for Name: django_content_type; Type: TABLE DATA; Schema: public; Owner: italia
--

COPY public.django_content_type (id, app_label, model) FROM stdin;
1	admin	logentry
2	auth	permission
3	auth	group
4	auth	user
5	contenttypes	contenttype
6	sessions	session
7	authtoken	token
8	authtoken	tokenproxy
9	api	ejercicio
10	api	respuestacorrectacorta
11	api	respuestacorrectalarga
12	api	respuestausuario
\.


--
-- TOC entry 4970 (class 0 OID 16634)
-- Dependencies: 218
-- Data for Name: django_migrations; Type: TABLE DATA; Schema: public; Owner: italia
--

COPY public.django_migrations (id, app, name, applied) FROM stdin;
1	contenttypes	0001_initial	2024-10-07 19:10:23.165033-06
2	auth	0001_initial	2024-10-07 19:10:23.196898-06
3	admin	0001_initial	2024-10-07 19:10:23.212602-06
4	admin	0002_logentry_remove_auto_add	2024-10-07 19:10:23.212602-06
5	admin	0003_logentry_add_action_flag_choices	2024-10-07 19:10:23.226622-06
6	api	0001_initial	2024-10-07 19:10:23.242269-06
7	contenttypes	0002_remove_content_type_name	2024-10-07 19:10:23.257894-06
8	auth	0002_alter_permission_name_max_length	2024-10-07 19:10:23.257894-06
9	auth	0003_alter_user_email_max_length	2024-10-07 19:10:23.257894-06
10	auth	0004_alter_user_username_opts	2024-10-07 19:10:23.27378-06
11	auth	0005_alter_user_last_login_null	2024-10-07 19:10:23.27378-06
12	auth	0006_require_contenttypes_0002	2024-10-07 19:10:23.27378-06
13	auth	0007_alter_validators_add_error_messages	2024-10-07 19:10:23.27378-06
14	auth	0008_alter_user_username_max_length	2024-10-07 19:10:23.290946-06
15	auth	0009_alter_user_last_name_max_length	2024-10-07 19:10:23.290946-06
16	auth	0010_alter_group_name_max_length	2024-10-07 19:10:23.304964-06
17	auth	0011_update_proxy_permissions	2024-10-07 19:10:23.304964-06
18	auth	0012_alter_user_first_name_max_length	2024-10-07 19:10:23.304964-06
19	authtoken	0001_initial	2024-10-07 19:10:23.320863-06
20	authtoken	0002_auto_20160226_1747	2024-10-07 19:10:23.338051-06
21	authtoken	0003_tokenproxy	2024-10-07 19:10:23.338051-06
22	authtoken	0004_alter_tokenproxy_options	2024-10-07 19:10:23.338051-06
23	sessions	0001_initial	2024-10-07 19:10:23.353889-06
24	api	0002_remove_respuestacorrectalarga_ejercicio_and_more	2024-10-11 19:44:13.849389-06
25	api	0003_remove_ejercicio_imagen_compuesto_and_more	2024-10-17 20:04:27.078197-06
26	api	0004_respuestausuario_fecha_envio	2024-10-25 20:34:18.86568-06
\.


--
-- TOC entry 4992 (class 0 OID 16837)
-- Dependencies: 240
-- Data for Name: django_session; Type: TABLE DATA; Schema: public; Owner: italia
--

COPY public.django_session (session_key, session_data, expire_date) FROM stdin;
ysxsozfhuh3djv7t5wr1tsiurvq0mmk0	.eJxVjDsOAiEUAO9CbQiPn2Bp7xkI8B6yaiBZdivj3Q3JFtrOTObNQty3GvZBa1iQXRiw0y9LMT-pTYGP2O6d5962dUl8Jvywg9860ut6tH-DGkedWyzCRXRJOGmsSS6TwOiRirZQUCevlLFnCaC1VUl6A8pZJIIMxWbDPl_lszek:1sxynY:8rCok26iKo7vZ0AQNbWagrD4nupfxAVqJJoLvUvkLVU	2024-10-21 19:14:00.962112-06
xant4pkhg8ivqiuqydbgblj3sosjcawx	.eJxVjDsOAiEUAO9CbQiPn2Bp7xkI8B6yaiBZdivj3Q3JFtrOTObNQty3GvZBa1iQXRiw0y9LMT-pTYGP2O6d5962dUl8Jvywg9860ut6tH-DGkedWyzCRXRJOGmsSS6TwOiRirZQUCevlLFnCaC1VUl6A8pZJIIMxWbDPl_lszek:1syCNO:9n2ga3wq5K5WMeV6VvVPaq7F8YRPAjgp2kDY0Eosd-c	2024-10-22 09:43:54.971809-06
8ed3is6fnadqbqqkm0406wf7zebhzua0	.eJxVjDsOAiEUAO9CbQiPn2Bp7xkI8B6yaiBZdivj3Q3JFtrOTObNQty3GvZBa1iQXRiw0y9LMT-pTYGP2O6d5962dUl8Jvywg9860ut6tH-DGkedWyzCRXRJOGmsSS6TwOiRirZQUCevlLFnCaC1VUl6A8pZJIIMxWbDPl_lszek:1syCQ5:m4ZXyawauVJD7LJEXbAMpa9hbZ-So81Tvy4TiQ91PyA	2024-10-22 09:46:41.280578-06
z2ilb1rtz9a6roxan4d89autwrnz8rzb	.eJxVjDsOAiEUAO9CbQiPn2Bp7xkI8B6yaiBZdivj3Q3JFtrOTObNQty3GvZBa1iQXRiw0y9LMT-pTYGP2O6d5962dUl8Jvywg9860ut6tH-DGkedWyzCRXRJOGmsSS6TwOiRirZQUCevlLFnCaC1VUl6A8pZJIIMxWbDPl_lszek:1syD86:e56kSgHHFC_964uzw9MO6YSWqSx6j1WSzTiTOCni5y8	2024-10-22 10:32:10.776536-06
wfzklpyhj4bseqjsb884wk2ow4u3a86f	.eJxVjDsOAiEUAO9CbQiPn2Bp7xkI8B6yaiBZdivj3Q3JFtrOTObNQty3GvZBa1iQXRiw0y9LMT-pTYGP2O6d5962dUl8Jvywg9860ut6tH-DGkedWyzCRXRJOGmsSS6TwOiRirZQUCevlLFnCaC1VUl6A8pZJIIMxWbDPl_lszek:1syEAx:5jLCmBsbUUL2T7IrkLkLxRBrIW9rvANKfpz4h123UEE	2024-10-22 11:39:11.857526-06
4w0gzlmc769ts5ekzwlkovag2ovkyop2	.eJxVjDsOAiEUAO9CbQiPn2Bp7xkI8B6yaiBZdivj3Q3JFtrOTObNQty3GvZBa1iQXRiw0y9LMT-pTYGP2O6d5962dUl8Jvywg9860ut6tH-DGkedWyzCRXRJOGmsSS6TwOiRirZQUCevlLFnCaC1VUl6A8pZJIIMxWbDPl_lszek:1syFpO:u4NDEPv1AXLkhzjgnFgeK4Oo-oT0Pw7oj1Bc2kjPn-c	2024-10-22 13:25:02.674311-06
qvw4h18a1o4husq9hqr71rvh1pr6vygj	.eJxVjDsOAiEUAO9CbQiPn2Bp7xkI8B6yaiBZdivj3Q3JFtrOTObNQty3GvZBa1iQXRiw0y9LMT-pTYGP2O6d5962dUl8Jvywg9860ut6tH-DGkedWyzCRXRJOGmsSS6TwOiRirZQUCevlLFnCaC1VUl6A8pZJIIMxWbDPl_lszek:1syHYS:1EaX0jLy2Z1lHcODrB0xOppA8m07i9g6brH7H3SGg-4	2024-10-22 15:15:40.345505-06
jnr1xjzq5zdis67awejw4x0zs18nwy7t	.eJxVjDsOAiEUAO9CbQiPn2Bp7xkI8B6yaiBZdivj3Q3JFtrOTObNQty3GvZBa1iQXRiw0y9LMT-pTYGP2O6d5962dUl8Jvywg9860ut6tH-DGkedWyzCRXRJOGmsSS6TwOiRirZQUCevlLFnCaC1VUl6A8pZJIIMxWbDPl_lszek:1syHpG:RS0dS7Notl1nMGNU0qlqKHIDOPl1qhG-gRZb-3RP1vY	2024-10-22 15:33:02.712007-06
4citep2c1dfprz0ynwm3ws15m9sb62e9	.eJxVjDsOAiEUAO9CbQiPn2Bp7xkI8B6yaiBZdivj3Q3JFtrOTObNQty3GvZBa1iQXRiw0y9LMT-pTYGP2O6d5962dUl8Jvywg9860ut6tH-DGkedWyzCRXRJOGmsSS6TwOiRirZQUCevlLFnCaC1VUl6A8pZJIIMxWbDPl_lszek:1syHpn:JohvAjWae3IhzxIODscyCUQe4L4G9eLDrM5eGHO5Q1I	2024-10-22 15:33:35.026476-06
duz2fjhlxmqrbdj86e3v2bbh9r9udbly	.eJxVjDsOAiEUAO9CbQiPn2Bp7xkI8B6yaiBZdivj3Q3JFtrOTObNQty3GvZBa1iQXRiw0y9LMT-pTYGP2O6d5962dUl8Jvywg9860ut6tH-DGkedWyzCRXRJOGmsSS6TwOiRirZQUCevlLFnCaC1VUl6A8pZJIIMxWbDPl_lszek:1syHvC:SGZN8V54wCqWKHwe3K0KEh17M-NJmt9M9c59CKPVS-8	2024-10-22 15:39:10.677954-06
sbnao49qhr6y317d129fhji6ca7jevur	.eJxVjDsOAiEUAO9CbQiPn2Bp7xkI8B6yaiBZdivj3Q3JFtrOTObNQty3GvZBa1iQXRiw0y9LMT-pTYGP2O6d5962dUl8Jvywg9860ut6tH-DGkedWyzCRXRJOGmsSS6TwOiRirZQUCevlLFnCaC1VUl6A8pZJIIMxWbDPl_lszek:1szRMQ:99HoGcG0N0mm2PLuaK9LCqK4w3m5SSzep6XxQnbqTf4	2024-10-25 19:56:02.94055-06
32ic6k0jz7o2snoci9kyopffe9nnfwin	.eJxVjDsOAiEUAO9CbQiPn2Bp7xkI8B6yaiBZdivj3Q3JFtrOTObNQty3GvZBa1iQXRiw0y9LMT-pTYGP2O6d5962dUl8Jvywg9860ut6tH-DGkedWyzCRXRJOGmsSS6TwOiRirZQUCevlLFnCaC1VUl6A8pZJIIMxWbDPl_lszek:1szRPU:qjkxpJF9JeC0FATQg7owCWX6Tah7wFKN7uwBIEj5w-o	2024-10-25 19:59:12.481871-06
rxds423bdly2f0lpc85cd6ebltv6kiji	.eJxVjDsOAiEUAO9CbQiPn2Bp7xkI8B6yaiBZdivj3Q3JFtrOTObNQty3GvZBa1iQXRiw0y9LMT-pTYGP2O6d5962dUl8Jvywg9860ut6tH-DGkedWyzCRXRJOGmsSS6TwOiRirZQUCevlLFnCaC1VUl6A8pZJIIMxWbDPl_lszek:1szS3Z:ItutGX5HsAQQ3FazCo45eJaqdqyBN68aJmQoeop303s	2024-10-25 20:40:37.575422-06
186e4w41niqtd2zvrauz26t0j0v0oaov	.eJxVjDsOAiEUAO9CbQiPn2Bp7xkI8B6yaiBZdivj3Q3JFtrOTObNQty3GvZBa1iQXRiw0y9LMT-pTYGP2O6d5962dUl8Jvywg9860ut6tH-DGkedWyzCRXRJOGmsSS6TwOiRirZQUCevlLFnCaC1VUl6A8pZJIIMxWbDPl_lszek:1szf0I:6edCIq1W17yRXSbMMcQxuGTfmvkrMuzKAG-XxVa-nzo	2024-10-26 10:30:06.036233-06
xga0sbedblzibfb3gl7mmy6g1itj8jpk	.eJxVjDsOAiEUAO9CbQiPn2Bp7xkI8B6yaiBZdivj3Q3JFtrOTObNQty3GvZBa1iQXRiw0y9LMT-pTYGP2O6d5962dUl8Jvywg9860ut6tH-DGkedWyzCRXRJOGmsSS6TwOiRirZQUCevlLFnCaC1VUl6A8pZJIIMxWbDPl_lszek:1szfCk:smBkTflXjUCp0YgiR-0Jq9xsgtvcZVVlP81czwZP8Kc	2024-10-26 10:42:58.188002-06
q94my9vgfynvhv3r4nocnol5tqmqvm20	.eJxVjMsOwiAQRf-FtSHlMWVw6d5vaIYBpGogKe3K-O_apAvd3nPOfYmJtrVMW0_LNEdxFlqcfrdA_Eh1B_FO9dYkt7ouc5C7Ig_a5bXF9Lwc7t9BoV6-tWetggMkDKDQwJAyUvak_YCgebTKkR3BazbWBRwMJ3QAEXJgzjaJ9wfGSzeH:1szfgB:NRlEIAWQJlFjSVI1qwwbCy-RBSHk7MSSlcNAefuqWTg	2024-10-26 11:13:23.816157-06
4plc5oz6lxgzho51we90eav23fygq3wn	.eJxVjDsOAiEUAO9CbQiPn2Bp7xkI8B6yaiBZdivj3Q3JFtrOTObNQty3GvZBa1iQXRiw0y9LMT-pTYGP2O6d5962dUl8Jvywg9860ut6tH-DGkedWyzCRXRJOGmsSS6TwOiRirZQUCevlLFnCaC1VUl6A8pZJIIMxWbDPl_lszek:1t0UeO:LR5b9RYic2NI8m3Tr2rNXuNNa8JuRZrQUbFdohiooZY	2024-10-28 17:38:56.759344-06
i9blgej37yq1stm0fwr2u8xkhchxagdo	.eJxVjMsOwiAQRf-FtSHlMWVw6d5vaIYBpGogKe3K-O_apAvd3nPOfYmJtrVMW0_LNEdxFlqcfrdA_Eh1B_FO9dYkt7ouc5C7Ig_a5bXF9Lwc7t9BoV6-tWetggMkDKDQwJAyUvak_YCgebTKkR3BazbWBRwMJ3QAEXJgzjaJ9wfGSzeH:1t0Ug3:DAYHLSRaDpXCh265ZL9hegRa7sROYC4cAgzgAKmUNDc	2024-10-28 17:40:39.670931-06
illc83ch8f53037u9u4zi3ivmm0qyuz4	.eJxVjMsOwiAQRf-FtSHlMWVw6d5vaIYBpGogKe3K-O_apAvd3nPOfYmJtrVMW0_LNEdxFlqcfrdA_Eh1B_FO9dYkt7ouc5C7Ig_a5bXF9Lwc7t9BoV6-tWetggMkDKDQwJAyUvak_YCgebTKkR3BazbWBRwMJ3QAEXJgzjaJ9wfGSzeH:1t0Ury:8EgUFGRRWTzS_suLdP5XoXYEMfgeAJWfih8Nc1Cvmn0	2024-10-28 17:52:58.221855-06
bdeiliohr5s26u9yaxuj9roqdg5h21ky	.eJxVjMsOwiAQRf-FtSHlMWVw6d5vaIYBpGogKe3K-O_apAvd3nPOfYmJtrVMW0_LNEdxFlqcfrdA_Eh1B_FO9dYkt7ouc5C7Ig_a5bXF9Lwc7t9BoV6-tWetggMkDKDQwJAyUvak_YCgebTKkR3BazbWBRwMJ3QAEXJgzjaJ9wfGSzeH:1t0VAO:2F80I5E3u5C11ESGO5AGYR_1_AuXW4NXf4baoIr64oQ	2024-10-28 18:12:00.40023-06
0nw769tkbdejmx5y86yxigqnxirygds3	.eJxVjDsOAiEUAO9CbQiPn2Bp7xkI8B6yaiBZdivj3Q3JFtrOTObNQty3GvZBa1iQXRiw0y9LMT-pTYGP2O6d5962dUl8Jvywg9860ut6tH-DGkedWyzCRXRJOGmsSS6TwOiRirZQUCevlLFnCaC1VUl6A8pZJIIMxWbDPl_lszek:1t0VAn:lKwPIHWwMAnS2GlwVbx2AMAXSyyfHb658-aKghWVGWE	2024-10-28 18:12:25.615652-06
w3mm3k1hus02fgil95f0u715hhlbwfzq	.eJxVjMsOwiAQRf-FtSHlMWVw6d5vaIYBpGogKe3K-O_apAvd3nPOfYmJtrVMW0_LNEdxFlqcfrdA_Eh1B_FO9dYkt7ouc5C7Ig_a5bXF9Lwc7t9BoV6-tWetggMkDKDQwJAyUvak_YCgebTKkR3BazbWBRwMJ3QAEXJgzjaJ9wfGSzeH:1t0pnW:DR5Nr1JQXTpiInib3BZVGCMGwPjMuEHQ7oJ2fcqS3YM	2024-10-29 16:13:46.168444-06
kyyzbuwl9btw9uuryka2qytx2lhdvwpo	.eJxVjDsOAiEUAO9CbQiPn2Bp7xkI8B6yaiBZdivj3Q3JFtrOTObNQty3GvZBa1iQXRiw0y9LMT-pTYGP2O6d5962dUl8Jvywg9860ut6tH-DGkedWyzCRXRJOGmsSS6TwOiRirZQUCevlLFnCaC1VUl6A8pZJIIMxWbDPl_lszek:1t0prr:eAtVVfgpHC4LK7eAN_H7mcvpdMU7Y6nMOiFypfa_Onw	2024-10-29 16:18:15.202826-06
ur8o2gougqchvnqa4rdrswgqkjz26f6v	.eJxVjDsOAiEUAO9CbQiPn2Bp7xkI8B6yaiBZdivj3Q3JFtrOTObNQty3GvZBa1iQXRiw0y9LMT-pTYGP2O6d5962dUl8Jvywg9860ut6tH-DGkedWyzCRXRJOGmsSS6TwOiRirZQUCevlLFnCaC1VUl6A8pZJIIMxWbDPl_lszek:1t0ptk:j0cVhKkGp0YhMjmGdrAYAYS-4E6ZMYysypE1ybVQ5r8	2024-10-29 16:20:12.661386-06
5mab58tn6fdixazouo3fsgjtvztpk8wo	.eJxVjDsOAiEUAO9CbQiPn2Bp7xkI8B6yaiBZdivj3Q3JFtrOTObNQty3GvZBa1iQXRiw0y9LMT-pTYGP2O6d5962dUl8Jvywg9860ut6tH-DGkedWyzCRXRJOGmsSS6TwOiRirZQUCevlLFnCaC1VUl6A8pZJIIMxWbDPl_lszek:1t0pxu:p_DcrQ-I8xSyNtwTnrWOmMlcteHIwwVyLq75yTExOYo	2024-10-29 16:24:30.697735-06
giy61n1wxbpt5v4dk9x3is5csripqb2b	.eJxVjMsOwiAQRf-FtSHlMWVw6d5vaIYBpGogKe3K-O_apAvd3nPOfYmJtrVMW0_LNEdxFlqcfrdA_Eh1B_FO9dYkt7ouc5C7Ig_a5bXF9Lwc7t9BoV6-tWetggMkDKDQwJAyUvak_YCgebTKkR3BazbWBRwMJ3QAEXJgzjaJ9wfGSzeH:1t0q4S:9GIIpzV3u5ECmoDK11LUt4lg5GkQQB8e5op7SXzqoN8	2024-10-29 16:31:16.112907-06
5kk9nm5rz6iuf7i627nyb9v13h1aiwxv	.eJxVjDsOAiEUAO9CbQiPn2Bp7xkI8B6yaiBZdivj3Q3JFtrOTObNQty3GvZBa1iQXRiw0y9LMT-pTYGP2O6d5962dUl8Jvywg9860ut6tH-DGkedWyzCRXRJOGmsSS6TwOiRirZQUCevlLFnCaC1VUl6A8pZJIIMxWbDPl_lszek:1t0qJC:HW0U_Tu8HbCra18GPV74Xj9pbF9gvUbivan7DYkvcVg	2024-10-29 16:46:30.414491-06
qawjxx209oicv7y1eu4ab000gs275rpy	.eJxVjDsOAiEUAO9CbQiPn2Bp7xkI8B6yaiBZdivj3Q3JFtrOTObNQty3GvZBa1iQXRiw0y9LMT-pTYGP2O6d5962dUl8Jvywg9860ut6tH-DGkedWyzCRXRJOGmsSS6TwOiRirZQUCevlLFnCaC1VUl6A8pZJIIMxWbDPl_lszek:1t1cfA:TKf9-tU4DvNbS_G0E1aIH82_45GwiJmSwk-y68n2hWI	2024-10-31 20:24:24.901888-06
2x3rhj32eogvvtl8dkpikolazjzhiyld	.eJxVjDsOAiEUAO9CbQiPn2Bp7xkI8B6yaiBZdivj3Q3JFtrOTObNQty3GvZBa1iQXRiw0y9LMT-pTYGP2O6d5962dUl8Jvywg9860ut6tH-DGkedWyzCRXRJOGmsSS6TwOiRirZQUCevlLFnCaC1VUl6A8pZJIIMxWbDPl_lszek:1t1d3i:TkEvva7CVcB2JMRWSJTGg6FOgRHoFc-UzCIUcQLTqT0	2024-10-31 20:49:46.487258-06
i02r5ffg9lnko9hbvugpg3vzf18x5i1g	.eJxVjDsOAiEUAO9CbQiPn2Bp7xkI8B6yaiBZdivj3Q3JFtrOTObNQty3GvZBa1iQXRiw0y9LMT-pTYGP2O6d5962dUl8Jvywg9860ut6tH-DGkedWyzCRXRJOGmsSS6TwOiRirZQUCevlLFnCaC1VUl6A8pZJIIMxWbDPl_lszek:1t1dCL:HzGN50tK-AR5MR3azKo3VuazpPXxkeI_9Ul4W9SycS8	2024-10-31 20:58:41.14299-06
gjgb9cpcz4ij7wsojnmv2pwnizbsiyhd	.eJxVjDsOAiEUAO9CbQiPn2Bp7xkI8B6yaiBZdivj3Q3JFtrOTObNQty3GvZBa1iQXRiw0y9LMT-pTYGP2O6d5962dUl8Jvywg9860ut6tH-DGkedWyzCRXRJOGmsSS6TwOiRirZQUCevlLFnCaC1VUl6A8pZJIIMxWbDPl_lszek:1t1dHJ:NRdvXUpcXygqILExWt2N-0g-CAoP4XzV9X6nLnaq5dc	2024-10-31 21:03:49.144784-06
zokgrfh8nfkx2mdx4mqtstu8l0c18l89	.eJxVjDsOAiEUAO9CbQiPn2Bp7xkI8B6yaiBZdivj3Q3JFtrOTObNQty3GvZBa1iQXRiw0y9LMT-pTYGP2O6d5962dUl8Jvywg9860ut6tH-DGkedWyzCRXRJOGmsSS6TwOiRirZQUCevlLFnCaC1VUl6A8pZJIIMxWbDPl_lszek:1t1dLA:yMlMqJrH8LQv3BHKydXzEeg0Cvj0_uYNcJosnAKBtWQ	2024-10-31 21:07:48.205548-06
7pxt9gzumxy4uzlp9b8wfpx7op4e7rh5	.eJxVjDsOAiEUAO9CbQiPn2Bp7xkI8B6yaiBZdivj3Q3JFtrOTObNQty3GvZBa1iQXRiw0y9LMT-pTYGP2O6d5962dUl8Jvywg9860ut6tH-DGkedWyzCRXRJOGmsSS6TwOiRirZQUCevlLFnCaC1VUl6A8pZJIIMxWbDPl_lszek:1t1dNd:TwD5_yaUpKnn8I8fbRIvVZEtdGVWIViie_EpFEPzGrM	2024-10-31 21:10:21.314767-06
gy9si039ndscfjuqfzipp8s2drha7hrs	.eJxVjDsOAiEUAO9CbQiPn2Bp7xkI8B6yaiBZdivj3Q3JFtrOTObNQty3GvZBa1iQXRiw0y9LMT-pTYGP2O6d5962dUl8Jvywg9860ut6tH-DGkedWyzCRXRJOGmsSS6TwOiRirZQUCevlLFnCaC1VUl6A8pZJIIMxWbDPl_lszek:1t1dQz:vQmMDqo1Y_F07tHRs_ZBW1UfAYNRlQYs5cJsP9f1heY	2024-10-31 21:13:49.779584-06
roxxcgbvrx6l7gcxyzj2ka517z0oxss6	.eJxVjDsOAiEUAO9CbQiPn2Bp7xkI8B6yaiBZdivj3Q3JFtrOTObNQty3GvZBa1iQXRiw0y9LMT-pTYGP2O6d5962dUl8Jvywg9860ut6tH-DGkedWyzCRXRJOGmsSS6TwOiRirZQUCevlLFnCaC1VUl6A8pZJIIMxWbDPl_lszek:1t1diQ:6JZ7XUrmunH4gNcXBVMV0SjpKFGsOEHW3e_ToxEZPfw	2024-10-31 21:31:50.054521-06
hd3062tojf37rzf1s8lb5mzsx2blmhil	.eJxVjDsOAiEUAO9CbQiPn2Bp7xkI8B6yaiBZdivj3Q3JFtrOTObNQty3GvZBa1iQXRiw0y9LMT-pTYGP2O6d5962dUl8Jvywg9860ut6tH-DGkedWyzCRXRJOGmsSS6TwOiRirZQUCevlLFnCaC1VUl6A8pZJIIMxWbDPl_lszek:1t1nxe:lbKrnT_fSMDShqrCU6zmE0G3tR-C4Hv_kVHIqEd-Hc8	2024-11-01 08:28:14.162595-06
j5epc6lpgnvuu54pg66v1echepv8ijtk	.eJxVjDsOAiEUAO9CbQiPn2Bp7xkI8B6yaiBZdivj3Q3JFtrOTObNQty3GvZBa1iQXRiw0y9LMT-pTYGP2O6d5962dUl8Jvywg9860ut6tH-DGkedWyzCRXRJOGmsSS6TwOiRirZQUCevlLFnCaC1VUl6A8pZJIIMxWbDPl_lszek:1t1oTe:bSDvvhWOZ4wpp-6mtMq8V_Zdik1qfYGukprdHvlZhUA	2024-11-01 09:01:18.052234-06
5vkojz8t38tk45t7vbwv8g4onu1kvk9u	.eJxVjDsOAiEUAO9CbQiPn2Bp7xkI8B6yaiBZdivj3Q3JFtrOTObNQty3GvZBa1iQXRiw0y9LMT-pTYGP2O6d5962dUl8Jvywg9860ut6tH-DGkedWyzCRXRJOGmsSS6TwOiRirZQUCevlLFnCaC1VUl6A8pZJIIMxWbDPl_lszek:1t1oTm:9yEquMkY-hRPkBgQgJExHuAt955akBpkB23pcgWbjz0	2024-11-01 09:01:26.300707-06
3bywa5xxfrhdn6uc05inr9an17iwrf6g	.eJxVjDsOAiEUAO9CbQiPn2Bp7xkI8B6yaiBZdivj3Q3JFtrOTObNQty3GvZBa1iQXRiw0y9LMT-pTYGP2O6d5962dUl8Jvywg9860ut6tH-DGkedWyzCRXRJOGmsSS6TwOiRirZQUCevlLFnCaC1VUl6A8pZJIIMxWbDPl_lszek:1t1oUD:SpkARNd-xHtThVVtK7xxF7x1XnKfGKVuxkd47qSQPQo	2024-11-01 09:01:53.309971-06
jt629rmljl2jfj5y24hizi8z06yukhbq	.eJxVjDsOAiEUAO9CbQiPn2Bp7xkI8B6yaiBZdivj3Q3JFtrOTObNQty3GvZBa1iQXRiw0y9LMT-pTYGP2O6d5962dUl8Jvywg9860ut6tH-DGkedWyzCRXRJOGmsSS6TwOiRirZQUCevlLFnCaC1VUl6A8pZJIIMxWbDPl_lszek:1t1oUH:cAdMj5ri6he3EC2moFXN4z30bIpg3zAzHeYTXgoo6NA	2024-11-01 09:01:57.371948-06
thmy0wcc2ru2pc19yh39mgfp67qibgrq	.eJxVjDsOAiEUAO9CbQiPn2Bp7xkI8B6yaiBZdivj3Q3JFtrOTObNQty3GvZBa1iQXRiw0y9LMT-pTYGP2O6d5962dUl8Jvywg9860ut6tH-DGkedWyzCRXRJOGmsSS6TwOiRirZQUCevlLFnCaC1VUl6A8pZJIIMxWbDPl_lszek:1t1oUO:vlL5Khtp_AlsZXMdGlIZXH3fX8rNnOs85Fr1Xf8bAjg	2024-11-01 09:02:04.799505-06
mimb3hu45bjv5a5atfiwca8snn939bl0	.eJxVjDsOAiEUAO9CbQiPn2Bp7xkI8B6yaiBZdivj3Q3JFtrOTObNQty3GvZBa1iQXRiw0y9LMT-pTYGP2O6d5962dUl8Jvywg9860ut6tH-DGkedWyzCRXRJOGmsSS6TwOiRirZQUCevlLFnCaC1VUl6A8pZJIIMxWbDPl_lszek:1t1oUQ:wlveA_S97f4aXT0atdpC4yskU25vKkXaM6wmqEzRHcc	2024-11-01 09:02:06.991926-06
ybp2meqwa2wa3dubihmyiye251ztqe3d	.eJxVjDsOAiEUAO9CbQiPn2Bp7xkI8B6yaiBZdivj3Q3JFtrOTObNQty3GvZBa1iQXRiw0y9LMT-pTYGP2O6d5962dUl8Jvywg9860ut6tH-DGkedWyzCRXRJOGmsSS6TwOiRirZQUCevlLFnCaC1VUl6A8pZJIIMxWbDPl_lszek:1t1oUi:ilB3PnPKTYqItIlApLFE9RKfJAcSIm-hK81GUsqrYjQ	2024-11-01 09:02:24.901545-06
xla2l1m6hs616pgo3k1avuivxkwc1two	.eJxVjDsOAiEUAO9CbQiPn2Bp7xkI8B6yaiBZdivj3Q3JFtrOTObNQty3GvZBa1iQXRiw0y9LMT-pTYGP2O6d5962dUl8Jvywg9860ut6tH-DGkedWyzCRXRJOGmsSS6TwOiRirZQUCevlLFnCaC1VUl6A8pZJIIMxWbDPl_lszek:1t1oUl:P2w2PC7mzgg4gAzrcXNPU1ulpT9gfKwh5ICQ7Uq2LGA	2024-11-01 09:02:27.035094-06
of57ohdac3fgmaa5cwsc842cqgubyhle	.eJxVjDsOAiEUAO9CbQiPn2Bp7xkI8B6yaiBZdivj3Q3JFtrOTObNQty3GvZBa1iQXRiw0y9LMT-pTYGP2O6d5962dUl8Jvywg9860ut6tH-DGkedWyzCRXRJOGmsSS6TwOiRirZQUCevlLFnCaC1VUl6A8pZJIIMxWbDPl_lszek:1t1pk8:dyRUEE4gFrZ2bB-Py38vdW4qpc6oQ35kE_wGLHPzOAI	2024-11-01 10:22:24.30519-06
fp3u0pb1onfb3hs881lh47oa3khuhnb8	.eJxVjDsOAiEUAO9CbQiPn2Bp7xkI8B6yaiBZdivj3Q3JFtrOTObNQty3GvZBa1iQXRiw0y9LMT-pTYGP2O6d5962dUl8Jvywg9860ut6tH-DGkedWyzCRXRJOGmsSS6TwOiRirZQUCevlLFnCaC1VUl6A8pZJIIMxWbDPl_lszek:1t1pps:nKdrUR8KFsS-NiogsY5h4Az-YhuxlBCu9YGGrta07Bw	2024-11-01 10:28:20.292862-06
zduqyqe06o9d31jkkjvbx763ddfj8f3k	.eJxVjDsOAiEUAO9CbQiPn2Bp7xkI8B6yaiBZdivj3Q3JFtrOTObNQty3GvZBa1iQXRiw0y9LMT-pTYGP2O6d5962dUl8Jvywg9860ut6tH-DGkedWyzCRXRJOGmsSS6TwOiRirZQUCevlLFnCaC1VUl6A8pZJIIMxWbDPl_lszek:1t1pqa:85v89Q7u_XopNu0pgFl2VNxJ9jk6f2R4l7eLKzHC1jM	2024-11-01 10:29:04.637286-06
bk9e6kvom2w6r8pdv30aczuu3cy83l8q	.eJxVjDsOAiEUAO9CbQiPn2Bp7xkI8B6yaiBZdivj3Q3JFtrOTObNQty3GvZBa1iQXRiw0y9LMT-pTYGP2O6d5962dUl8Jvywg9860ut6tH-DGkedWyzCRXRJOGmsSS6TwOiRirZQUCevlLFnCaC1VUl6A8pZJIIMxWbDPl_lszek:1t1pqp:XgLesRinqOrAo82DBvNZFbq4xFBtlmr5YfOlSi8V7q8	2024-11-01 10:29:19.691523-06
4h2f33pyvsm8vknuu0vv0xvzrcu208oc	.eJxVjDsOAiEUAO9CbQiPn2Bp7xkI8B6yaiBZdivj3Q3JFtrOTObNQty3GvZBa1iQXRiw0y9LMT-pTYGP2O6d5962dUl8Jvywg9860ut6tH-DGkedWyzCRXRJOGmsSS6TwOiRirZQUCevlLFnCaC1VUl6A8pZJIIMxWbDPl_lszek:1t1pqv:Zr1ON9aYKxCfZ_h1XlBE7nqrMc366Zun-BeTGoZo9uY	2024-11-01 10:29:25.498216-06
40616nzq8bo1jw03vpsz0fwr6z2xgmzb	.eJxVjDsOAiEUAO9CbQiPn2Bp7xkI8B6yaiBZdivj3Q3JFtrOTObNQty3GvZBa1iQXRiw0y9LMT-pTYGP2O6d5962dUl8Jvywg9860ut6tH-DGkedWyzCRXRJOGmsSS6TwOiRirZQUCevlLFnCaC1VUl6A8pZJIIMxWbDPl_lszek:1t1q3R:Fm0MBZAe3EJELY40UoaagcvsreRp_RH26ru7KmFAodk	2024-11-01 10:42:21.677637-06
4psqu9rv695bc4r2wr0vk1zm91q4c4fs	.eJxVjDsOAiEUAO9CbQiPn2Bp7xkI8B6yaiBZdivj3Q3JFtrOTObNQty3GvZBa1iQXRiw0y9LMT-pTYGP2O6d5962dUl8Jvywg9860ut6tH-DGkedWyzCRXRJOGmsSS6TwOiRirZQUCevlLFnCaC1VUl6A8pZJIIMxWbDPl_lszek:1t1q3V:xL1KWl019SFw3WpX14ov-XPNTfzGAVGCipVh0a1YGKg	2024-11-01 10:42:25.654922-06
6sbb1mnqmi68nwf1tqtkewo2m1xxget0	.eJxVjDsOAiEUAO9CbQiPn2Bp7xkI8B6yaiBZdivj3Q3JFtrOTObNQty3GvZBa1iQXRiw0y9LMT-pTYGP2O6d5962dUl8Jvywg9860ut6tH-DGkedWyzCRXRJOGmsSS6TwOiRirZQUCevlLFnCaC1VUl6A8pZJIIMxWbDPl_lszek:1t1q3Y:96fd8yuiK_Wo6W4UqhCNB9eH1rWwtRUcggu_uy9Xs1k	2024-11-01 10:42:28.067964-06
26lo4hd2gg7fnwohunhnphwr1sn2bze1	.eJxVjDsOAiEUAO9CbQiPn2Bp7xkI8B6yaiBZdivj3Q3JFtrOTObNQty3GvZBa1iQXRiw0y9LMT-pTYGP2O6d5962dUl8Jvywg9860ut6tH-DGkedWyzCRXRJOGmsSS6TwOiRirZQUCevlLFnCaC1VUl6A8pZJIIMxWbDPl_lszek:1t1sG6:wNIIX_U3BtAzfAC1Ajs8kyiHqpCx72T1Mh-fpG4ndeA	2024-11-01 13:03:34.470465-06
tjbmd3azh1nd3mzoytjjfpaiub8nnx9u	.eJxVjDsOAiEUAO9CbQiPn2Bp7xkI8B6yaiBZdivj3Q3JFtrOTObNQty3GvZBa1iQXRiw0y9LMT-pTYGP2O6d5962dUl8Jvywg9860ut6tH-DGkedWyzCRXRJOGmsSS6TwOiRirZQUCevlLFnCaC1VUl6A8pZJIIMxWbDPl_lszek:1t1q8s:WOKeqSqGSjJmamo6EBT48LWp9NtXN5Sxa3hrG4-j-Lg	2024-11-01 10:47:58.849836-06
ueiwndd0e40209vkqw9p1cj4c7ais6p2	.eJxVjMsOwiAQRf-FtSHlMWVw6d5vaIYBpGogKe3K-O_apAvd3nPOfYmJtrVMW0_LNEdxFlqcfrdA_Eh1B_FO9dYkt7ouc5C7Ig_a5bXF9Lwc7t9BoV6-tWetggMkDKDQwJAyUvak_YCgebTKkR3BazbWBRwMJ3QAEXJgzjaJ9wfGSzeH:1t1sNT:Rf2Qmfl8bpYbmYSkehKbn8NfFGSMB2OX6ouEBF4p5oc	2024-11-01 13:11:11.007158-06
qdbpxap7iwj58ojhexjsdbcc7qevjh4q	.eJxVjDsOAiEUAO9CbQiPn2Bp7xkI8B6yaiBZdivj3Q3JFtrOTObNQty3GvZBa1iQXRiw0y9LMT-pTYGP2O6d5962dUl8Jvywg9860ut6tH-DGkedWyzCRXRJOGmsSS6TwOiRirZQUCevlLFnCaC1VUl6A8pZJIIMxWbDPl_lszek:1t1q9s:D_0y96l3HDmDWPVfz8GbBHGneIcl7_4KQ12w0vqcyUU	2024-11-01 10:49:00.227898-06
37qny1scaio5ejczn2iy0bmmskkod4z9	.eJxVjDsOAiEUAO9CbQiPn2Bp7xkI8B6yaiBZdivj3Q3JFtrOTObNQty3GvZBa1iQXRiw0y9LMT-pTYGP2O6d5962dUl8Jvywg9860ut6tH-DGkedWyzCRXRJOGmsSS6TwOiRirZQUCevlLFnCaC1VUl6A8pZJIIMxWbDPl_lszek:1t1v45:fKp7J6icrf0R5xNZ9Jrx1nuv-GH6Xf_dPexVm-l8-sk	2024-11-01 16:03:21.286385-06
y1ju0ejgbn2ak23gep1t08qtx99qgef0	.eJxVjMsOwiAQRf-FtSHlMWVw6d5vaIYBpGogKe3K-O_apAvd3nPOfYmJtrVMW0_LNEdxFlqcfrdA_Eh1B_FO9dYkt7ouc5C7Ig_a5bXF9Lwc7t9BoV6-tWetggMkDKDQwJAyUvak_YCgebTKkR3BazbWBRwMJ3QAEXJgzjaJ9wfGSzeH:1t1qEV:1xDA1zoanH4CBKSmPm9Er0HHF1EfGNzjzAi_RMwVn38	2024-11-01 10:53:47.144118-06
od0oqd8hmiwortfnmfqzkm0urtaw9oyy	.eJxVjDsOAiEUAO9CbQiPn2Bp7xkI8B6yaiBZdivj3Q3JFtrOTObNQty3GvZBa1iQXRiw0y9LMT-pTYGP2O6d5962dUl8Jvywg9860ut6tH-DGkedWyzCRXRJOGmsSS6TwOiRirZQUCevlLFnCaC1VUl6A8pZJIIMxWbDPl_lszek:1t1vsB:wDaSxBFHiOZfJQc9TwQTiA2RWk2PNAkobkE2sLnSmJc	2024-11-01 16:55:07.390252-06
mvcokyfwx820ta0drjq5a3t8hvpsg96t	.eJxVjDsOAiEUAO9CbQiPn2Bp7xkI8B6yaiBZdivj3Q3JFtrOTObNQty3GvZBa1iQXRiw0y9LMT-pTYGP2O6d5962dUl8Jvywg9860ut6tH-DGkedWyzCRXRJOGmsSS6TwOiRirZQUCevlLFnCaC1VUl6A8pZJIIMxWbDPl_lszek:1t1qNP:BWj4SZ151M6wPOhAJgOoc-hMJT772mTOVlvm9Ucp2k0	2024-11-01 11:02:59.698329-06
juhz63j0yjs10w5cm95ulo7trtae9hin	.eJxVjDsOAiEUAO9CbQiPn2Bp7xkI8B6yaiBZdivj3Q3JFtrOTObNQty3GvZBa1iQXRiw0y9LMT-pTYGP2O6d5962dUl8Jvywg9860ut6tH-DGkedWyzCRXRJOGmsSS6TwOiRirZQUCevlLFnCaC1VUl6A8pZJIIMxWbDPl_lszek:1t1wps:opTG0B9AprnaqY26heB9oYpck_9zZX1HSJ-9MQqyaCM	2024-11-01 17:56:48.920164-06
x5ec0bf1two5g0n82ft80b90l9y2h163	.eJxVjMsOwiAQRf-FtSHlMWVw6d5vaIYBpGogKe3K-O_apAvd3nPOfYmJtrVMW0_LNEdxFlqcfrdA_Eh1B_FO9dYkt7ouc5C7Ig_a5bXF9Lwc7t9BoV6-tWetggMkDKDQwJAyUvak_YCgebTKkR3BazbWBRwMJ3QAEXJgzjaJ9wfGSzeH:1t1qbv:6rGE2j9R9bq58FzHbvytQ-8PpJr4vSuH1L-XfvPhtRU	2024-11-01 11:17:59.760568-06
cyoq98flay24t0sj8mxp967anpdz3m3y	.eJxVjDsOAiEUAO9CbQiPn2Bp7xkI8B6yaiBZdivj3Q3JFtrOTObNQty3GvZBa1iQXRiw0y9LMT-pTYGP2O6d5962dUl8Jvywg9860ut6tH-DGkedWyzCRXRJOGmsSS6TwOiRirZQUCevlLFnCaC1VUl6A8pZJIIMxWbDPl_lszek:1t1x0b:ELNu_UjufFNAw2yWs0tRmL2TPg5Fm3engl85KghckYU	2024-11-01 18:07:53.168255-06
fciq6a0qm5itv0jkzhlp2nam0hzzw1d0	.eJxVjDsOAiEUAO9CbQiPn2Bp7xkI8B6yaiBZdivj3Q3JFtrOTObNQty3GvZBa1iQXRiw0y9LMT-pTYGP2O6d5962dUl8Jvywg9860ut6tH-DGkedWyzCRXRJOGmsSS6TwOiRirZQUCevlLFnCaC1VUl6A8pZJIIMxWbDPl_lszek:1t1qei:2XJf6c76onj7_0h1vEV1Go1edEKcfY2dDK-yYFNY-CE	2024-11-01 11:20:52.527473-06
5h9ce2pe0t97xc16ibm6ogj35594d3pq	.eJxVjDsOAiEUAO9CbQiPn2Bp7xkI8B6yaiBZdivj3Q3JFtrOTObNQty3GvZBa1iQXRiw0y9LMT-pTYGP2O6d5962dUl8Jvywg9860ut6tH-DGkedWyzCRXRJOGmsSS6TwOiRirZQUCevlLFnCaC1VUl6A8pZJIIMxWbDPl_lszek:1t1xAc:dHxYcRZyFRfBlTHR8sIzmtXyMv_4GC5oE2VW9OEboc8	2024-11-01 18:18:14.458764-06
ta7lfqq9lu7fowhu76w54qxmlv9hpoir	.eJxVjDsOAiEUAO9CbQiPn2Bp7xkI8B6yaiBZdivj3Q3JFtrOTObNQty3GvZBa1iQXRiw0y9LMT-pTYGP2O6d5962dUl8Jvywg9860ut6tH-DGkedWyzCRXRJOGmsSS6TwOiRirZQUCevlLFnCaC1VUl6A8pZJIIMxWbDPl_lszek:1t1r1D:SCQaqoAPvRl6-K17luKyB9xpjsJ2qlo9bjheA9CduKE	2024-11-01 11:44:07.491783-06
tv09a15b9ihpg88xf8w34ll7uynathvg	.eJxVjDsOAiEUAO9CbQiPn2Bp7xkI8B6yaiBZdivj3Q3JFtrOTObNQty3GvZBa1iQXRiw0y9LMT-pTYGP2O6d5962dUl8Jvywg9860ut6tH-DGkedWyzCRXRJOGmsSS6TwOiRirZQUCevlLFnCaC1VUl6A8pZJIIMxWbDPl_lszek:1t2JD5:BZRokXbI2sn0PHTlftEtMJaKxUxYlb0PCT6fIA8D0f8	2024-11-02 17:50:15.986802-06
hdqhlefi9g3hgqn0cwu7to5eyn08mgdf	.eJxVjDsOAiEUAO9CbQiPn2Bp7xkI8B6yaiBZdivj3Q3JFtrOTObNQty3GvZBa1iQXRiw0y9LMT-pTYGP2O6d5962dUl8Jvywg9860ut6tH-DGkedWyzCRXRJOGmsSS6TwOiRirZQUCevlLFnCaC1VUl6A8pZJIIMxWbDPl_lszek:1t1r7P:aCZnP1sJGyG6eLbh8w7nWumeqiXMR3Ofnw9iwKSg28k	2024-11-01 11:50:31.033087-06
gw9f9umez90oyzdz899kaasalf30hpdu	.eJxVjDsOAiEUAO9CbQiPn2Bp7xkI8B6yaiBZdivj3Q3JFtrOTObNQty3GvZBa1iQXRiw0y9LMT-pTYGP2O6d5962dUl8Jvywg9860ut6tH-DGkedWyzCRXRJOGmsSS6TwOiRirZQUCevlLFnCaC1VUl6A8pZJIIMxWbDPl_lszek:1t2JHz:0JUTvFi4HsA7692TXOqSu4zvB72F88Q89kisOzX97ao	2024-11-02 17:55:19.255114-06
ryhubjnrvil450254v71u73j4s98kztu	.eJxVjDsOAiEUAO9CbQiPn2Bp7xkI8B6yaiBZdivj3Q3JFtrOTObNQty3GvZBa1iQXRiw0y9LMT-pTYGP2O6d5962dUl8Jvywg9860ut6tH-DGkedWyzCRXRJOGmsSS6TwOiRirZQUCevlLFnCaC1VUl6A8pZJIIMxWbDPl_lszek:1t2KUR:5_MmCnz2e3W4c99b8RmC4w6bX3Y2hByI7qLhLHkyvVw	2024-11-02 19:12:15.372461-06
a5w4sppqyttfffeinjm9qq5szhczk1pk	.eJxVjDsOAiEUAO9CbQiPn2Bp7xkI8B6yaiBZdivj3Q3JFtrOTObNQty3GvZBa1iQXRiw0y9LMT-pTYGP2O6d5962dUl8Jvywg9860ut6tH-DGkedWyzCRXRJOGmsSS6TwOiRirZQUCevlLFnCaC1VUl6A8pZJIIMxWbDPl_lszek:1t2Kwx:EA6FI0rCqryYeeo8FqBcobMlOAlx3agmzGlH6DII_w4	2024-11-02 19:41:43.131641-06
z4ffwgaftuwfpb1s497do6lusmcpwna6	.eJxVjDsOAiEUAO9CbQiPn2Bp7xkI8B6yaiBZdivj3Q3JFtrOTObNQty3GvZBa1iQXRiw0y9LMT-pTYGP2O6d5962dUl8Jvywg9860ut6tH-DGkedWyzCRXRJOGmsSS6TwOiRirZQUCevlLFnCaC1VUl6A8pZJIIMxWbDPl_lszek:1t2LOU:HCe1S87YCK5E_qRszhO5SWAIemlkJ57nQnpEORYtjK4	2024-11-02 20:10:10.024086-06
jl77ic18e9gzwz8o6x03pke7jdvp00tx	.eJxVjDsOAiEUAO9CbQiPn2Bp7xkI8B6yaiBZdivj3Q3JFtrOTObNQty3GvZBa1iQXRiw0y9LMT-pTYGP2O6d5962dUl8Jvywg9860ut6tH-DGkedWyzCRXRJOGmsSS6TwOiRirZQUCevlLFnCaC1VUl6A8pZJIIMxWbDPl_lszek:1t2LXH:ymKGW2qdm-tIrXt5hLiDsTPTLT-hXAY2Z5j7iKL8YTc	2024-11-02 20:19:15.108021-06
ku16n64q92r8hl17ou1q1cg6s7amm8va	.eJxVjDsOAiEUAO9CbQiPn2Bp7xkI8B6yaiBZdivj3Q3JFtrOTObNQty3GvZBa1iQXRiw0y9LMT-pTYGP2O6d5962dUl8Jvywg9860ut6tH-DGkedWyzCRXRJOGmsSS6TwOiRirZQUCevlLFnCaC1VUl6A8pZJIIMxWbDPl_lszek:1t2MSF:nmxbccTgcFf31asbLs0OuN81FcPqUut2J8SsY6v72Bg	2024-11-02 21:18:07.653502-06
mmqqkr0gbpvfae8plhk18xnxqui3er93	.eJxVjDsOAiEUAO9CbQiPn2Bp7xkI8B6yaiBZdivj3Q3JFtrOTObNQty3GvZBa1iQXRiw0y9LMT-pTYGP2O6d5962dUl8Jvywg9860ut6tH-DGkedWyzCRXRJOGmsSS6TwOiRirZQUCevlLFnCaC1VUl6A8pZJIIMxWbDPl_lszek:1t2u86:h5vXLYrUBGgEqyFK9uJdA--bvj6Dka_EFojaCbmlTdY	2024-11-04 09:15:34.651467-06
p2jgyvm6h4wu096yij0li9aholyi66rz	.eJxVjDsOAiEUAO9CbQiPn2Bp7xkI8B6yaiBZdivj3Q3JFtrOTObNQty3GvZBa1iQXRiw0y9LMT-pTYGP2O6d5962dUl8Jvywg9860ut6tH-DGkedWyzCRXRJOGmsSS6TwOiRirZQUCevlLFnCaC1VUl6A8pZJIIMxWbDPl_lszek:1t2w0w:-JyYeVKENS3RGTthyDULVUHukG87Co1MqKMjIBwy9y8	2024-11-04 11:16:18.953013-06
xn1vrcj7x072qf97tenvck996fxnbzuj	.eJxVjDsOAiEUAO9CbQiPn2Bp7xkI8B6yaiBZdivj3Q3JFtrOTObNQty3GvZBa1iQXRiw0y9LMT-pTYGP2O6d5962dUl8Jvywg9860ut6tH-DGkedWyzCRXRJOGmsSS6TwOiRirZQUCevlLFnCaC1VUl6A8pZJIIMxWbDPl_lszek:1t2xmr:x2HX3mhmquyFrRPLQibxWC1Fjmuu0eBBQ75Uu9FFKFo	2024-11-04 13:09:53.737803-06
0agfwhjebba40ducslr836xeu6z41ygp	.eJxVjDsOAiEUAO9CbQiPn2Bp7xkI8B6yaiBZdivj3Q3JFtrOTObNQty3GvZBa1iQXRiw0y9LMT-pTYGP2O6d5962dUl8Jvywg9860ut6tH-DGkedWyzCRXRJOGmsSS6TwOiRirZQUCevlLFnCaC1VUl6A8pZJIIMxWbDPl_lszek:1t3I1h:cpzg-Rz6hGFCnF2dhh7aiY8JXb0GbQFh6OLsb5gDlzc	2024-11-05 10:46:33.583639-06
9a3tz08w8peglnqfvvz059ni1kommf4o	.eJxVjDsOAiEUAO9CbQiPn2Bp7xkI8B6yaiBZdivj3Q3JFtrOTObNQty3GvZBa1iQXRiw0y9LMT-pTYGP2O6d5962dUl8Jvywg9860ut6tH-DGkedWyzCRXRJOGmsSS6TwOiRirZQUCevlLFnCaC1VUl6A8pZJIIMxWbDPl_lszek:1t3clv:Za5lVpG_UWbcMkvyC8USYk4TZiiBB__VAaUXif0fYU4	2024-11-06 08:55:39.854645-06
whjb21jxsjuosvoku45w9l8iu3tbs4tg	.eJxVjDsOAiEUAO9CbQiPn2Bp7xkI8B6yaiBZdivj3Q3JFtrOTObNQty3GvZBa1iQXRiw0y9LMT-pTYGP2O6d5962dUl8Jvywg9860ut6tH-DGkedWyzCRXRJOGmsSS6TwOiRirZQUCevlLFnCaC1VUl6A8pZJIIMxWbDPl_lszek:1t4WWw:47-dFecCH5KLiNfqASNLQ_Nk_2SGGzlPfI4ed2YVhz8	2024-11-08 20:27:54.678834-06
j2gixl10e6bek9la0ekdyp4zigjk4cdk	.eJxVjDsOAiEUAO9CbQiPn2Bp7xkI8B6yaiBZdivj3Q3JFtrOTObNQty3GvZBa1iQXRiw0y9LMT-pTYGP2O6d5962dUl8Jvywg9860ut6tH-DGkedWyzCRXRJOGmsSS6TwOiRirZQUCevlLFnCaC1VUl6A8pZJIIMxWbDPl_lszek:1t4WiU:QFdkQNgzyjfSNgn0T5AIA4pG4uJTShxSfURWVGqKQk8	2024-11-08 20:39:50.185561-06
tzp3iyzwngodkj7u3lov4vdxiw533htl	.eJxVjDsOAiEUAO9CbQiPn2Bp7xkI8B6yaiBZdivj3Q3JFtrOTObNQty3GvZBa1iQXRiw0y9LMT-pTYGP2O6d5962dUl8Jvywg9860ut6tH-DGkedWyzCRXRJOGmsSS6TwOiRirZQUCevlLFnCaC1VUl6A8pZJIIMxWbDPl_lszek:1t4XHQ:vibMcRn1hY1nT4lmGvqctfR9Jvlo3YagrCzy0USwaO8	2024-11-08 21:15:56.273303-06
h4tk3lexh74ahix81tx8kciswqe7m1pj	.eJxVjMsOwiAQRf-FtSE8ypS6dO83kGEYpGogKe3K-O_apAvd3nPOfYmA21rC1nkJcxJnYZQ4_Y4R6cF1J-mO9dYktbouc5S7Ig_a5bUlfl4O9--gYC_f2pM3ZPyokC1N1qOzCKCnPOhMxmKkhBkGzdp5UImVItDewRgTZWuyeH8AA284LA:1t4XYB:XtqbLAeLAQdk5W7a0gvKWpY4Uq0D2_OzI1FmEYMyVWs	2024-11-08 21:33:15.701505-06
21z9hemn2tf5e0fz9fee9ly7n8xzezx4	.eJxVjDsOAiEUAO9CbQiPn2Bp7xkI8B6yaiBZdivj3Q3JFtrOTObNQty3GvZBa1iQXRiw0y9LMT-pTYGP2O6d5962dUl8Jvywg9860ut6tH-DGkedWyzCRXRJOGmsSS6TwOiRirZQUCevlLFnCaC1VUl6A8pZJIIMxWbDPl_lszek:1t4Xoq:GqvIptx2A_uHW3ViKYLH9XMoc-9OxFxyc-KbhOKVjrU	2024-11-08 21:50:28.658864-06
fbtvg07mtuo7rwxmk5lf4f77ewlhr1vq	.eJxVjDsOAiEUAO9CbQiPn2Bp7xkI8B6yaiBZdivj3Q3JFtrOTObNQty3GvZBa1iQXRiw0y9LMT-pTYGP2O6d5962dUl8Jvywg9860ut6tH-DGkedWyzCRXRJOGmsSS6TwOiRirZQUCevlLFnCaC1VUl6A8pZJIIMxWbDPl_lszek:1t4Xt9:xZqeqGpsC9sBpMwFGQKDjh1zAxshf7vJx15-HXVMR5I	2024-11-08 21:54:55.076482-06
a93z3ivnvos9t77wsh6bym0vhus8meis	.eJxVjDsOAiEUAO9CbQiPn2Bp7xkI8B6yaiBZdivj3Q3JFtrOTObNQty3GvZBa1iQXRiw0y9LMT-pTYGP2O6d5962dUl8Jvywg9860ut6tH-DGkedWyzCRXRJOGmsSS6TwOiRirZQUCevlLFnCaC1VUl6A8pZJIIMxWbDPl_lszek:1t4XtY:D3mQdJM3ER7s5bPu0GUXQJqfmWIdmYuImpRCZnDQDZo	2024-11-08 21:55:20.085845-06
rfaolue762rx49r7318ll5kdozj882i7	.eJxVjDsOAiEUAO9CbQiPn2Bp7xkI8B6yaiBZdivj3Q3JFtrOTObNQty3GvZBa1iQXRiw0y9LMT-pTYGP2O6d5962dUl8Jvywg9860ut6tH-DGkedWyzCRXRJOGmsSS6TwOiRirZQUCevlLFnCaC1VUl6A8pZJIIMxWbDPl_lszek:1t4Xv5:lHaguAmj5okaKp-R5-tWXP0V0dILVng8biISJgCxR0I	2024-11-08 21:56:55.618938-06
qfrr6un16i30v1smhu96v9uhtpzr4ah0	.eJxVjDsOAiEUAO9CbQiPn2Bp7xkI8B6yaiBZdivj3Q3JFtrOTObNQty3GvZBa1iQXRiw0y9LMT-pTYGP2O6d5962dUl8Jvywg9860ut6tH-DGkedWyzCRXRJOGmsSS6TwOiRirZQUCevlLFnCaC1VUl6A8pZJIIMxWbDPl_lszek:1t4XzN:TU9srnI3jDShwQ8uAIIqaCjvsYDxDxEVuY9w0v-aZKI	2024-11-08 22:01:21.486683-06
okcyl1mumajkbhkwqzv771mlel8kwd5d	.eJxVjDsOAiEUAO9CbQiPn2Bp7xkI8B6yaiBZdivj3Q3JFtrOTObNQty3GvZBa1iQXRiw0y9LMT-pTYGP2O6d5962dUl8Jvywg9860ut6tH-DGkedWyzCRXRJOGmsSS6TwOiRirZQUCevlLFnCaC1VUl6A8pZJIIMxWbDPl_lszek:1t4Y5t:FU1GMV79_OU_LDcHa2e7lHCDd4Y-T7bcW_9yvziVhvo	2024-11-08 22:08:05.84262-06
lsv0pm04v3vmew7md3dcmqe4t4repff4	.eJxVjDsOAiEUAO9CbQiPn2Bp7xkI8B6yaiBZdivj3Q3JFtrOTObNQty3GvZBa1iQXRiw0y9LMT-pTYGP2O6d5962dUl8Jvywg9860ut6tH-DGkedWyzCRXRJOGmsSS6TwOiRirZQUCevlLFnCaC1VUl6A8pZJIIMxWbDPl_lszek:1t4YDU:HOEXjUeAwPqTe2UqY34Rnpf3siSkEMPYDMaSnUmUmjY	2024-11-08 22:15:56.85326-06
53qv1vmxpbpij3lbw0uk0j4p74tq95mj	.eJxVjDsOAiEUAO9CbQiPn2Bp7xkI8B6yaiBZdivj3Q3JFtrOTObNQty3GvZBa1iQXRiw0y9LMT-pTYGP2O6d5962dUl8Jvywg9860ut6tH-DGkedWyzCRXRJOGmsSS6TwOiRirZQUCevlLFnCaC1VUl6A8pZJIIMxWbDPl_lszek:1t4YMC:g-g8-K0gF9apfCAbwkHJplBjfwKqEsxazCvRNoMN3wk	2024-11-08 22:24:56.118526-06
docjyeg6pbpt9nn4oz3mi57b6jzyj3ct	.eJxVjDsOAiEUAO9CbQiPn2Bp7xkI8B6yaiBZdivj3Q3JFtrOTObNQty3GvZBa1iQXRiw0y9LMT-pTYGP2O6d5962dUl8Jvywg9860ut6tH-DGkedWyzCRXRJOGmsSS6TwOiRirZQUCevlLFnCaC1VUl6A8pZJIIMxWbDPl_lszek:1t4YNt:K7Gc1UXmTU8acdoc6j6wuOcXXtWn-Aq-Wrr_ylwyqX4	2024-11-08 22:26:41.049244-06
vcbmcjyesy0s2zlte4ek5hgxj2ib8dhd	.eJxVjDsOAiEUAO9CbQiPn2Bp7xkI8B6yaiBZdivj3Q3JFtrOTObNQty3GvZBa1iQXRiw0y9LMT-pTYGP2O6d5962dUl8Jvywg9860ut6tH-DGkedWyzCRXRJOGmsSS6TwOiRirZQUCevlLFnCaC1VUl6A8pZJIIMxWbDPl_lszek:1t4YPL:jz6gZA_Gn8JpTpgV1wp4-9B49H83oLVC4KEBBerOZYU	2024-11-08 22:28:11.717417-06
tn0252507ec377c62jibdw3v3fbvuted	.eJxVjDsOAiEUAO9CbQiPn2Bp7xkI8B6yaiBZdivj3Q3JFtrOTObNQty3GvZBa1iQXRiw0y9LMT-pTYGP2O6d5962dUl8Jvywg9860ut6tH-DGkedWyzCRXRJOGmsSS6TwOiRirZQUCevlLFnCaC1VUl6A8pZJIIMxWbDPl_lszek:1t4o1d:DR-T9XLFcMfcuk0EOFxccqldb635FFLECdxqVPWewvs	2024-11-09 15:08:45.901632-06
sox8jvar2epbwgjlj9onbvuxdp50mvwm	.eJxVjDsOAiEUAO9CbQiPn2Bp7xkI8B6yaiBZdivj3Q3JFtrOTObNQty3GvZBa1iQXRiw0y9LMT-pTYGP2O6d5962dUl8Jvywg9860ut6tH-DGkedWyzCRXRJOGmsSS6TwOiRirZQUCevlLFnCaC1VUl6A8pZJIIMxWbDPl_lszek:1t4o62:QQR-jF8BPWjioRoh-cdzu69c1x9mSHlq4WibfEjd7gk	2024-11-09 15:13:18.251545-06
\.


--
-- TOC entry 4998 (class 0 OID 0)
-- Dependencies: 235
-- Name: api_ejercicio_id_ejercicio_seq; Type: SEQUENCE SET; Schema: public; Owner: italia
--

SELECT pg_catalog.setval('public.api_ejercicio_id_ejercicio_seq', 20, true);


--
-- TOC entry 4999 (class 0 OID 0)
-- Dependencies: 237
-- Name: api_respuestausuario_id_seq; Type: SEQUENCE SET; Schema: public; Owner: italia
--

SELECT pg_catalog.setval('public.api_respuestausuario_id_seq', 32, true);


--
-- TOC entry 5000 (class 0 OID 0)
-- Dependencies: 223
-- Name: auth_group_id_seq; Type: SEQUENCE SET; Schema: public; Owner: italia
--

SELECT pg_catalog.setval('public.auth_group_id_seq', 1, false);


--
-- TOC entry 5001 (class 0 OID 0)
-- Dependencies: 225
-- Name: auth_group_permissions_id_seq; Type: SEQUENCE SET; Schema: public; Owner: italia
--

SELECT pg_catalog.setval('public.auth_group_permissions_id_seq', 1, false);


--
-- TOC entry 5002 (class 0 OID 0)
-- Dependencies: 221
-- Name: auth_permission_id_seq; Type: SEQUENCE SET; Schema: public; Owner: italia
--

SELECT pg_catalog.setval('public.auth_permission_id_seq', 48, true);


--
-- TOC entry 5003 (class 0 OID 0)
-- Dependencies: 229
-- Name: auth_user_groups_id_seq; Type: SEQUENCE SET; Schema: public; Owner: italia
--

SELECT pg_catalog.setval('public.auth_user_groups_id_seq', 1, false);


--
-- TOC entry 5004 (class 0 OID 0)
-- Dependencies: 227
-- Name: auth_user_id_seq; Type: SEQUENCE SET; Schema: public; Owner: italia
--

SELECT pg_catalog.setval('public.auth_user_id_seq', 20, true);


--
-- TOC entry 5005 (class 0 OID 0)
-- Dependencies: 231
-- Name: auth_user_user_permissions_id_seq; Type: SEQUENCE SET; Schema: public; Owner: italia
--

SELECT pg_catalog.setval('public.auth_user_user_permissions_id_seq', 1, false);


--
-- TOC entry 5006 (class 0 OID 0)
-- Dependencies: 233
-- Name: django_admin_log_id_seq; Type: SEQUENCE SET; Schema: public; Owner: italia
--

SELECT pg_catalog.setval('public.django_admin_log_id_seq', 153, true);


--
-- TOC entry 5007 (class 0 OID 0)
-- Dependencies: 219
-- Name: django_content_type_id_seq; Type: SEQUENCE SET; Schema: public; Owner: italia
--

SELECT pg_catalog.setval('public.django_content_type_id_seq', 12, true);


--
-- TOC entry 5008 (class 0 OID 0)
-- Dependencies: 217
-- Name: django_migrations_id_seq; Type: SEQUENCE SET; Schema: public; Owner: italia
--

SELECT pg_catalog.setval('public.django_migrations_id_seq', 26, true);


--
-- TOC entry 4798 (class 2606 OID 16769)
-- Name: api_ejercicio api_ejercicio_pkey; Type: CONSTRAINT; Schema: public; Owner: italia
--

ALTER TABLE ONLY public.api_ejercicio
    ADD CONSTRAINT api_ejercicio_pkey PRIMARY KEY (id);


--
-- TOC entry 4801 (class 2606 OID 16791)
-- Name: api_respuestausuario api_respuestausuario_pkey; Type: CONSTRAINT; Schema: public; Owner: italia
--

ALTER TABLE ONLY public.api_respuestausuario
    ADD CONSTRAINT api_respuestausuario_pkey PRIMARY KEY (id);


--
-- TOC entry 4767 (class 2606 OID 16822)
-- Name: auth_group auth_group_name_key; Type: CONSTRAINT; Schema: public; Owner: italia
--

ALTER TABLE ONLY public.auth_group
    ADD CONSTRAINT auth_group_name_key UNIQUE (name);


--
-- TOC entry 4772 (class 2606 OID 16699)
-- Name: auth_group_permissions auth_group_permissions_group_id_permission_id_0cd325b0_uniq; Type: CONSTRAINT; Schema: public; Owner: italia
--

ALTER TABLE ONLY public.auth_group_permissions
    ADD CONSTRAINT auth_group_permissions_group_id_permission_id_0cd325b0_uniq UNIQUE (group_id, permission_id);


--
-- TOC entry 4775 (class 2606 OID 16668)
-- Name: auth_group_permissions auth_group_permissions_pkey; Type: CONSTRAINT; Schema: public; Owner: italia
--

ALTER TABLE ONLY public.auth_group_permissions
    ADD CONSTRAINT auth_group_permissions_pkey PRIMARY KEY (id);


--
-- TOC entry 4769 (class 2606 OID 16660)
-- Name: auth_group auth_group_pkey; Type: CONSTRAINT; Schema: public; Owner: italia
--

ALTER TABLE ONLY public.auth_group
    ADD CONSTRAINT auth_group_pkey PRIMARY KEY (id);


--
-- TOC entry 4762 (class 2606 OID 16690)
-- Name: auth_permission auth_permission_content_type_id_codename_01ab375a_uniq; Type: CONSTRAINT; Schema: public; Owner: italia
--

ALTER TABLE ONLY public.auth_permission
    ADD CONSTRAINT auth_permission_content_type_id_codename_01ab375a_uniq UNIQUE (content_type_id, codename);


--
-- TOC entry 4764 (class 2606 OID 16654)
-- Name: auth_permission auth_permission_pkey; Type: CONSTRAINT; Schema: public; Owner: italia
--

ALTER TABLE ONLY public.auth_permission
    ADD CONSTRAINT auth_permission_pkey PRIMARY KEY (id);


--
-- TOC entry 4783 (class 2606 OID 16682)
-- Name: auth_user_groups auth_user_groups_pkey; Type: CONSTRAINT; Schema: public; Owner: italia
--

ALTER TABLE ONLY public.auth_user_groups
    ADD CONSTRAINT auth_user_groups_pkey PRIMARY KEY (id);


--
-- TOC entry 4786 (class 2606 OID 16714)
-- Name: auth_user_groups auth_user_groups_user_id_group_id_94350c0c_uniq; Type: CONSTRAINT; Schema: public; Owner: italia
--

ALTER TABLE ONLY public.auth_user_groups
    ADD CONSTRAINT auth_user_groups_user_id_group_id_94350c0c_uniq UNIQUE (user_id, group_id);


--
-- TOC entry 4777 (class 2606 OID 16674)
-- Name: auth_user auth_user_pkey; Type: CONSTRAINT; Schema: public; Owner: italia
--

ALTER TABLE ONLY public.auth_user
    ADD CONSTRAINT auth_user_pkey PRIMARY KEY (id);


--
-- TOC entry 4789 (class 2606 OID 16688)
-- Name: auth_user_user_permissions auth_user_user_permissions_pkey; Type: CONSTRAINT; Schema: public; Owner: italia
--

ALTER TABLE ONLY public.auth_user_user_permissions
    ADD CONSTRAINT auth_user_user_permissions_pkey PRIMARY KEY (id);


--
-- TOC entry 4792 (class 2606 OID 16728)
-- Name: auth_user_user_permissions auth_user_user_permissions_user_id_permission_id_14a6b632_uniq; Type: CONSTRAINT; Schema: public; Owner: italia
--

ALTER TABLE ONLY public.auth_user_user_permissions
    ADD CONSTRAINT auth_user_user_permissions_user_id_permission_id_14a6b632_uniq UNIQUE (user_id, permission_id);


--
-- TOC entry 4780 (class 2606 OID 16817)
-- Name: auth_user auth_user_username_key; Type: CONSTRAINT; Schema: public; Owner: italia
--

ALTER TABLE ONLY public.auth_user
    ADD CONSTRAINT auth_user_username_key UNIQUE (username);


--
-- TOC entry 4805 (class 2606 OID 16828)
-- Name: authtoken_token authtoken_token_pkey; Type: CONSTRAINT; Schema: public; Owner: italia
--

ALTER TABLE ONLY public.authtoken_token
    ADD CONSTRAINT authtoken_token_pkey PRIMARY KEY (key);


--
-- TOC entry 4807 (class 2606 OID 16830)
-- Name: authtoken_token authtoken_token_user_id_key; Type: CONSTRAINT; Schema: public; Owner: italia
--

ALTER TABLE ONLY public.authtoken_token
    ADD CONSTRAINT authtoken_token_user_id_key UNIQUE (user_id);


--
-- TOC entry 4795 (class 2606 OID 16749)
-- Name: django_admin_log django_admin_log_pkey; Type: CONSTRAINT; Schema: public; Owner: italia
--

ALTER TABLE ONLY public.django_admin_log
    ADD CONSTRAINT django_admin_log_pkey PRIMARY KEY (id);


--
-- TOC entry 4757 (class 2606 OID 16648)
-- Name: django_content_type django_content_type_app_label_model_76bd3d3b_uniq; Type: CONSTRAINT; Schema: public; Owner: italia
--

ALTER TABLE ONLY public.django_content_type
    ADD CONSTRAINT django_content_type_app_label_model_76bd3d3b_uniq UNIQUE (app_label, model);


--
-- TOC entry 4759 (class 2606 OID 16646)
-- Name: django_content_type django_content_type_pkey; Type: CONSTRAINT; Schema: public; Owner: italia
--

ALTER TABLE ONLY public.django_content_type
    ADD CONSTRAINT django_content_type_pkey PRIMARY KEY (id);


--
-- TOC entry 4755 (class 2606 OID 16640)
-- Name: django_migrations django_migrations_pkey; Type: CONSTRAINT; Schema: public; Owner: italia
--

ALTER TABLE ONLY public.django_migrations
    ADD CONSTRAINT django_migrations_pkey PRIMARY KEY (id);


--
-- TOC entry 4810 (class 2606 OID 16843)
-- Name: django_session django_session_pkey; Type: CONSTRAINT; Schema: public; Owner: italia
--

ALTER TABLE ONLY public.django_session
    ADD CONSTRAINT django_session_pkey PRIMARY KEY (session_key);


--
-- TOC entry 4799 (class 1259 OID 16814)
-- Name: api_respuestausuario_ejercicio_id_b9b574c0; Type: INDEX; Schema: public; Owner: italia
--

CREATE INDEX api_respuestausuario_ejercicio_id_b9b574c0 ON public.api_respuestausuario USING btree (ejercicio_id);


--
-- TOC entry 4802 (class 1259 OID 16815)
-- Name: api_respuestausuario_usuario_id_80cdfd20; Type: INDEX; Schema: public; Owner: italia
--

CREATE INDEX api_respuestausuario_usuario_id_80cdfd20 ON public.api_respuestausuario USING btree (usuario_id);


--
-- TOC entry 4765 (class 1259 OID 16823)
-- Name: auth_group_name_a6ea08ec_like; Type: INDEX; Schema: public; Owner: italia
--

CREATE INDEX auth_group_name_a6ea08ec_like ON public.auth_group USING btree (name varchar_pattern_ops);


--
-- TOC entry 4770 (class 1259 OID 16710)
-- Name: auth_group_permissions_group_id_b120cbf9; Type: INDEX; Schema: public; Owner: italia
--

CREATE INDEX auth_group_permissions_group_id_b120cbf9 ON public.auth_group_permissions USING btree (group_id);


--
-- TOC entry 4773 (class 1259 OID 16711)
-- Name: auth_group_permissions_permission_id_84c5c92e; Type: INDEX; Schema: public; Owner: italia
--

CREATE INDEX auth_group_permissions_permission_id_84c5c92e ON public.auth_group_permissions USING btree (permission_id);


--
-- TOC entry 4760 (class 1259 OID 16696)
-- Name: auth_permission_content_type_id_2f476e4b; Type: INDEX; Schema: public; Owner: italia
--

CREATE INDEX auth_permission_content_type_id_2f476e4b ON public.auth_permission USING btree (content_type_id);


--
-- TOC entry 4781 (class 1259 OID 16726)
-- Name: auth_user_groups_group_id_97559544; Type: INDEX; Schema: public; Owner: italia
--

CREATE INDEX auth_user_groups_group_id_97559544 ON public.auth_user_groups USING btree (group_id);


--
-- TOC entry 4784 (class 1259 OID 16725)
-- Name: auth_user_groups_user_id_6a12ed8b; Type: INDEX; Schema: public; Owner: italia
--

CREATE INDEX auth_user_groups_user_id_6a12ed8b ON public.auth_user_groups USING btree (user_id);


--
-- TOC entry 4787 (class 1259 OID 16740)
-- Name: auth_user_user_permissions_permission_id_1fbb5f2c; Type: INDEX; Schema: public; Owner: italia
--

CREATE INDEX auth_user_user_permissions_permission_id_1fbb5f2c ON public.auth_user_user_permissions USING btree (permission_id);


--
-- TOC entry 4790 (class 1259 OID 16739)
-- Name: auth_user_user_permissions_user_id_a95ead1b; Type: INDEX; Schema: public; Owner: italia
--

CREATE INDEX auth_user_user_permissions_user_id_a95ead1b ON public.auth_user_user_permissions USING btree (user_id);


--
-- TOC entry 4778 (class 1259 OID 16818)
-- Name: auth_user_username_6821ab7c_like; Type: INDEX; Schema: public; Owner: italia
--

CREATE INDEX auth_user_username_6821ab7c_like ON public.auth_user USING btree (username varchar_pattern_ops);


--
-- TOC entry 4803 (class 1259 OID 16836)
-- Name: authtoken_token_key_10f0b77e_like; Type: INDEX; Schema: public; Owner: italia
--

CREATE INDEX authtoken_token_key_10f0b77e_like ON public.authtoken_token USING btree (key varchar_pattern_ops);


--
-- TOC entry 4793 (class 1259 OID 16760)
-- Name: django_admin_log_content_type_id_c4bce8eb; Type: INDEX; Schema: public; Owner: italia
--

CREATE INDEX django_admin_log_content_type_id_c4bce8eb ON public.django_admin_log USING btree (content_type_id);


--
-- TOC entry 4796 (class 1259 OID 16761)
-- Name: django_admin_log_user_id_c564eba6; Type: INDEX; Schema: public; Owner: italia
--

CREATE INDEX django_admin_log_user_id_c564eba6 ON public.django_admin_log USING btree (user_id);


--
-- TOC entry 4808 (class 1259 OID 16845)
-- Name: django_session_expire_date_a5c62663; Type: INDEX; Schema: public; Owner: italia
--

CREATE INDEX django_session_expire_date_a5c62663 ON public.django_session USING btree (expire_date);


--
-- TOC entry 4811 (class 1259 OID 16844)
-- Name: django_session_session_key_c0390e0f_like; Type: INDEX; Schema: public; Owner: italia
--

CREATE INDEX django_session_session_key_c0390e0f_like ON public.django_session USING btree (session_key varchar_pattern_ops);


--
-- TOC entry 4821 (class 2606 OID 16804)
-- Name: api_respuestausuario api_respuestausuario_ejercicio_id_b9b574c0_fk_api_ejerc; Type: FK CONSTRAINT; Schema: public; Owner: italia
--

ALTER TABLE ONLY public.api_respuestausuario
    ADD CONSTRAINT api_respuestausuario_ejercicio_id_b9b574c0_fk_api_ejerc FOREIGN KEY (ejercicio_id) REFERENCES public.api_ejercicio(id) DEFERRABLE INITIALLY DEFERRED;


--
-- TOC entry 4822 (class 2606 OID 16809)
-- Name: api_respuestausuario api_respuestausuario_usuario_id_80cdfd20_fk_auth_user_id; Type: FK CONSTRAINT; Schema: public; Owner: italia
--

ALTER TABLE ONLY public.api_respuestausuario
    ADD CONSTRAINT api_respuestausuario_usuario_id_80cdfd20_fk_auth_user_id FOREIGN KEY (usuario_id) REFERENCES public.auth_user(id) DEFERRABLE INITIALLY DEFERRED;


--
-- TOC entry 4813 (class 2606 OID 16705)
-- Name: auth_group_permissions auth_group_permissio_permission_id_84c5c92e_fk_auth_perm; Type: FK CONSTRAINT; Schema: public; Owner: italia
--

ALTER TABLE ONLY public.auth_group_permissions
    ADD CONSTRAINT auth_group_permissio_permission_id_84c5c92e_fk_auth_perm FOREIGN KEY (permission_id) REFERENCES public.auth_permission(id) DEFERRABLE INITIALLY DEFERRED;


--
-- TOC entry 4814 (class 2606 OID 16700)
-- Name: auth_group_permissions auth_group_permissions_group_id_b120cbf9_fk_auth_group_id; Type: FK CONSTRAINT; Schema: public; Owner: italia
--

ALTER TABLE ONLY public.auth_group_permissions
    ADD CONSTRAINT auth_group_permissions_group_id_b120cbf9_fk_auth_group_id FOREIGN KEY (group_id) REFERENCES public.auth_group(id) DEFERRABLE INITIALLY DEFERRED;


--
-- TOC entry 4812 (class 2606 OID 16691)
-- Name: auth_permission auth_permission_content_type_id_2f476e4b_fk_django_co; Type: FK CONSTRAINT; Schema: public; Owner: italia
--

ALTER TABLE ONLY public.auth_permission
    ADD CONSTRAINT auth_permission_content_type_id_2f476e4b_fk_django_co FOREIGN KEY (content_type_id) REFERENCES public.django_content_type(id) DEFERRABLE INITIALLY DEFERRED;


--
-- TOC entry 4815 (class 2606 OID 16720)
-- Name: auth_user_groups auth_user_groups_group_id_97559544_fk_auth_group_id; Type: FK CONSTRAINT; Schema: public; Owner: italia
--

ALTER TABLE ONLY public.auth_user_groups
    ADD CONSTRAINT auth_user_groups_group_id_97559544_fk_auth_group_id FOREIGN KEY (group_id) REFERENCES public.auth_group(id) DEFERRABLE INITIALLY DEFERRED;


--
-- TOC entry 4816 (class 2606 OID 16715)
-- Name: auth_user_groups auth_user_groups_user_id_6a12ed8b_fk_auth_user_id; Type: FK CONSTRAINT; Schema: public; Owner: italia
--

ALTER TABLE ONLY public.auth_user_groups
    ADD CONSTRAINT auth_user_groups_user_id_6a12ed8b_fk_auth_user_id FOREIGN KEY (user_id) REFERENCES public.auth_user(id) DEFERRABLE INITIALLY DEFERRED;


--
-- TOC entry 4817 (class 2606 OID 16734)
-- Name: auth_user_user_permissions auth_user_user_permi_permission_id_1fbb5f2c_fk_auth_perm; Type: FK CONSTRAINT; Schema: public; Owner: italia
--

ALTER TABLE ONLY public.auth_user_user_permissions
    ADD CONSTRAINT auth_user_user_permi_permission_id_1fbb5f2c_fk_auth_perm FOREIGN KEY (permission_id) REFERENCES public.auth_permission(id) DEFERRABLE INITIALLY DEFERRED;


--
-- TOC entry 4818 (class 2606 OID 16729)
-- Name: auth_user_user_permissions auth_user_user_permissions_user_id_a95ead1b_fk_auth_user_id; Type: FK CONSTRAINT; Schema: public; Owner: italia
--

ALTER TABLE ONLY public.auth_user_user_permissions
    ADD CONSTRAINT auth_user_user_permissions_user_id_a95ead1b_fk_auth_user_id FOREIGN KEY (user_id) REFERENCES public.auth_user(id) DEFERRABLE INITIALLY DEFERRED;


--
-- TOC entry 4823 (class 2606 OID 16831)
-- Name: authtoken_token authtoken_token_user_id_35299eff_fk_auth_user_id; Type: FK CONSTRAINT; Schema: public; Owner: italia
--

ALTER TABLE ONLY public.authtoken_token
    ADD CONSTRAINT authtoken_token_user_id_35299eff_fk_auth_user_id FOREIGN KEY (user_id) REFERENCES public.auth_user(id) DEFERRABLE INITIALLY DEFERRED;


--
-- TOC entry 4819 (class 2606 OID 16750)
-- Name: django_admin_log django_admin_log_content_type_id_c4bce8eb_fk_django_co; Type: FK CONSTRAINT; Schema: public; Owner: italia
--

ALTER TABLE ONLY public.django_admin_log
    ADD CONSTRAINT django_admin_log_content_type_id_c4bce8eb_fk_django_co FOREIGN KEY (content_type_id) REFERENCES public.django_content_type(id) DEFERRABLE INITIALLY DEFERRED;


--
-- TOC entry 4820 (class 2606 OID 16755)
-- Name: django_admin_log django_admin_log_user_id_c564eba6_fk_auth_user_id; Type: FK CONSTRAINT; Schema: public; Owner: italia
--

ALTER TABLE ONLY public.django_admin_log
    ADD CONSTRAINT django_admin_log_user_id_c564eba6_fk_auth_user_id FOREIGN KEY (user_id) REFERENCES public.auth_user(id) DEFERRABLE INITIALLY DEFERRED;


-- Completed on 2024-11-04 17:08:57

--
-- PostgreSQL database dump complete
--

